addition to geoid,geoid,,hpi 2010,hpi 2019,% change
14000US0,6037101110,14000US06037101110,505.95,934.82,0.85
,6037101122,14000US06037101122,529.61,930.17,0.76
,6037101210,14000US06037101210,212.75,358.07,0.68
,6037101220,14000US06037101220,289.52,591.62,1.04
,6037101300,14000US06037101300,481.9,832.05,0.73
,6037101400,14000US06037101400,577.99,1006.76,0.74
,6037102103,14000US06037102103,315.62,600.6,0.9
,6037102104,14000US06037102104,282.18,478.9,0.7
,6037102105,14000US06037102105,315.25,597.3,0.89
,6037102107,14000US06037102107,313.96,497.2,0.58
,6037103101,14000US06037103101,463.82,785.74,0.69
,6037103102,14000US06037103102,605.52,1083.22,0.79
,6037103200,14000US06037103200,512.63,889.32,0.73
,6037103300,14000US06037103300,408.64,652.4,0.6
,6037103400,14000US06037103400,563.17,976,0.73
,6037104103,14000US06037104103,254.86,510.31,1
,6037104108,14000US06037104108,200.38,413.36,1.06
,6037104124,14000US06037104124,301.63,564.03,0.87
,6037104201,14000US06037104201,222.42,467.65,1.1
,6037104203,14000US06037104203,178.03,376.79,1.12
,6037104204,14000US06037104204,242.2,428.23,0.77
,6037104310,14000US06037104310,182.73,389.17,1.13
,6037104320,14000US06037104320,176.76,373.07,1.11
,6037104401,14000US06037104401,186.24,371.11,0.99
,6037104403,14000US06037104403,162.77,300.47,0.85
,6037104404,14000US06037104404,170.28,328.18,0.93
,6037104500,14000US06037104500,176.26,319.53,0.81
,6037104610,14000US06037104610,201.74,394.58,0.96
,6037104620,14000US06037104620,194.4,365.58,0.88
,6037104701,14000US06037104701,112.21,209.26,0.86
,6037104704,14000US06037104704,154.56,321.28,1.08
,6037104810,14000US06037104810,424.6,805.89,0.9
,6037104821,14000US06037104821,160,340.96,1.13
,6037104822,14000US06037104822,159.31,316.37,0.99
,6037106010,14000US06037106010,437,797.72,0.83
,6037106020,14000US06037106020,565.25,1011.04,0.79
,6037106111,14000US06037106111,591.76,1015.31,0.72
,6037106112,14000US06037106112,404.85,738.49,0.82
,6037106113,14000US06037106113,295.11,505.06,0.71
,6037106114,14000US06037106114,277.51,540.06,0.95
,6037106403,14000US06037106403,277.33,512.7,0.85
,6037106405,14000US06037106405,170.42,331.88,0.95
,6037106406,14000US06037106406,401.42,724.75,0.81
,6037106510,14000US06037106510,246.9,400.34,0.62
,6037106520,14000US06037106520,266.17,513.56,0.93
,6037106603,14000US06037106603,449.63,658.44,0.46
,6037106604,14000US06037106604,449.5,806.08,0.79
,6037106641,14000US06037106641,411.08,621.11,0.51
,6037106642,14000US06037106642,440.99,684.45,0.55
,6037106643,14000US06037106643,412.8,602.94,0.46
,6037106645,14000US06037106645,299.13,453.34,0.52
,6037106646,14000US06037106646,615.99,991.34,0.61
,6037106648,14000US06037106648,274.07,508.4,0.86
,6037106649,14000US06037106649,269.73,486.79,0.8
,6037107010,14000US06037107010,259.09,520.23,1.01
,6037107020,14000US06037107020,282.77,529.34,0.87
,6037108101,14000US06037108101,389.48,564.75,0.45
,6037108102,14000US06037108102,724.97,977.67,0.35
,6037108103,14000US06037108103,365.71,518.71,0.42
,6037108104,14000US06037108104,783.34,1085.4,0.39
,6037109100,14000US06037109100,509.35,878.51,0.72
,6037109200,14000US06037109200,433.76,711.71,0.64
,6037109300,14000US06037109300,452.08,748.49,0.66
,6037109400,14000US06037109400,395.5,757.16,0.91
,6037109500,14000US06037109500,154.95,286.89,0.85
,6037109601,14000US06037109601,426.33,741.49,0.74
,6037109603,14000US06037109603,441.99,730.35,0.65
,6037109604,14000US06037109604,275.41,469.23,0.7
,6037109700,14000US06037109700,612.69,1002.79,0.64
,6037109800,14000US06037109800,507.26,862.86,0.7
,6037111100,14000US06037111100,422.7,704.35,0.67
,6037111201,14000US06037111201,444.79,696.13,0.57
,6037111202,14000US06037111202,524.24,843.46,0.61
,6037111204,14000US06037111204,467.73,662.25,0.42
,6037111205,14000US06037111205,507.02,769.81,0.52
,6037111206,14000US06037111206,495.15,714.66,0.44
,6037111301,14000US06037111301,462.6,738.9,0.6
,6037111302,14000US06037111302,284.06,428.91,0.51
,6037111400,14000US06037111400,534.59,863.79,0.62
,6037113101,14000US06037113101,641.13,958.49,0.5
,6037113102,14000US06037113102,250.36,362.81,0.45
,6037113211,14000US06037113211,371.11,487.65,0.31
,6037113212,14000US06037113212,740.55,1117.12,0.51
,6037113213,14000US06037113213,470.43,694.34,0.48
,6037113231,14000US06037113231,318.61,436.75,0.37
,6037113232,14000US06037113232,446.4,648.66,0.45
,6037113233,14000US06037113233,286.81,442.33,0.54
,6037113234,14000US06037113234,264.89,396.36,0.5
,6037113235,14000US06037113235,232.08,357.83,0.54
,6037113237,14000US06037113237,270.22,394.06,0.46
,6037113301,14000US06037113301,272.21,379.95,0.4
,6037113303,14000US06037113303,507.21,801.35,0.58
,6037113321,14000US06037113321,239.59,357.45,0.49
,6037113322,14000US06037113322,640.14,915.93,0.43
,6037113401,14000US06037113401,565.43,974.21,0.72
,6037113421,14000US06037113421,287.4,466.32,0.62
,6037113422,14000US06037113422,527.28,859.91,0.63
,6037115101,14000US06037115101,249.76,356.17,0.43
,6037115104,14000US06037115104,305.49,467.86,0.53
,6037115201,14000US06037115201,282.27,431.14,0.53
,6037115202,14000US06037115202,504.69,823.46,0.63
,6037115301,14000US06037115301,266.89,391.06,0.47
,6037115302,14000US06037115302,375.94,660.06,0.76
,6037115401,14000US06037115401,271.49,412.82,0.52
,6037115403,14000US06037115403,277.31,433.74,0.56
,6037115404,14000US06037115404,381.82,665.22,0.74
,6037117101,14000US06037117101,177.13,285.51,0.61
,6037117102,14000US06037117102,271.6,448.59,0.65
,6037117201,14000US06037117201,264.04,446.25,0.69
,6037117202,14000US06037117202,268.03,427.11,0.59
,6037117301,14000US06037117301,440.04,693.71,0.58
,6037117302,14000US06037117302,551.34,843.34,0.53
,6037117303,14000US06037117303,416.51,693.38,0.66
,6037117404,14000US06037117404,403.28,664.3,0.65
,6037117408,14000US06037117408,175.84,322.3,0.83
,6037119001,14000US06037119001,646.35,1191.69,0.84
,6037119002,14000US06037119002,454.75,872.59,0.92
,6037119201,14000US06037119201,393.47,733.19,0.86
,6037119202,14000US06037119202,338.49,628.31,0.86
,6037119310,14000US06037119310,147.03,271.42,0.85
,6037119320,14000US06037119320,144.39,293.31,1.03
,6037119400,14000US06037119400,386.12,727.21,0.88
,6037119700,14000US06037119700,352.46,656.5,0.86
,6037119800,14000US06037119800,567.87,1072.95,0.89
,6037119900,14000US06037119900,440.57,810.57,0.84
,6037120010,14000US06037120010,385.8,817.09,1.12
,6037120020,14000US06037120020,254.63,495.34,0.95
,6037120105,14000US06037120105,247.59,484.93,0.96
,6037120300,14000US06037120300,423.61,820.85,0.94
,6037120400,14000US06037120400,372.41,749.29,1.01
,6037121010,14000US06037121010,457.13,906.22,0.98
,6037121020,14000US06037121020,345.6,687.14,0.99
,6037121101,14000US06037121101,175.91,334.8,0.9
,6037121102,14000US06037121102,288.25,537.28,0.86
,6037121210,14000US06037121210,253.4,488.73,0.93
,6037121221,14000US06037121221,276.92,545.82,0.97
,6037121222,14000US06037121222,269.79,505.07,0.87
,6037121600,14000US06037121600,410.19,761.77,0.86
,6037121801,14000US06037121801,273.52,505.99,0.85
,6037121802,14000US06037121802,271.6,546.43,1.01
,6037121900,14000US06037121900,431.33,780.9,0.81
,6037122000,14000US06037122000,441.86,836.19,0.89
,6037122120,14000US06037122120,435.16,860.89,0.98
,6037122121,14000US06037122121,257.68,531.04,1.06
,6037122200,14000US06037122200,290.05,606.81,1.09
,6037122420,14000US06037122420,279.52,521.33,0.87
,6037123010,14000US06037123010,413.18,845.23,1.05
,6037123020,14000US06037123020,413.77,826.85,1
,6037123103,14000US06037123103,295.94,571.91,0.93
,6037123104,14000US06037123104,310.32,545.23,0.76
,6037123204,14000US06037123204,181.35,366.16,1.02
,6037123205,14000US06037123205,170.5,351.53,1.06
,6037123206,14000US06037123206,158.53,324.59,1.05
,6037123301,14000US06037123301,363.96,687.21,0.89
,6037123303,14000US06037123303,301.15,570.02,0.89
,6037123304,14000US06037123304,411.32,785.85,0.91
,6037123410,14000US06037123410,255.31,541.92,1.12
,6037123420,14000US06037123420,286.74,556.67,0.94
,6037123510,14000US06037123510,268.4,479.17,0.79
,6037123520,14000US06037123520,330.83,604.22,0.83
,6037123601,14000US06037123601,302.69,532.6,0.76
,6037123602,14000US06037123602,292.26,477.98,0.64
,6037123700,14000US06037123700,301.98,604.87,1
,6037123800,14000US06037123800,285.93,534.95,0.87
,6037123901,14000US06037123901,329.1,587.78,0.79
,6037123902,14000US06037123902,361.58,619.53,0.71
,6037124000,14000US06037124000,349.63,591.8,0.69
,6037124102,14000US06037124102,328.5,622.37,0.89
,6037124103,14000US06037124103,264.95,587.17,1.22
,6037124104,14000US06037124104,114.04,261.37,1.29
,6037124105,14000US06037124105,110.13,236.55,1.15
,6037124201,14000US06037124201,428.25,834.6,0.95
,6037124203,14000US06037124203,189.56,425.29,1.24
,6037124204,14000US06037124204,183.43,391.14,1.13
,6037124300,14000US06037124300,334.57,648.2,0.94
,6037124400,14000US06037124400,352.84,610.02,0.73
,6037124500,14000US06037124500,357.12,558.08,0.56
,6037124600,14000US06037124600,386.1,617.77,0.6
,6037124700,14000US06037124700,352.4,526.03,0.49
,6037124902,14000US06037124902,176.13,310.34,0.76
,6037125100,14000US06037125100,357.7,622.85,0.74
,6037125200,14000US06037125200,347.23,643.42,0.85
,6037125310,14000US06037125310,337.6,657.07,0.95
,6037125402,14000US06037125402,370.05,622.16,0.68
,6037125501,14000US06037125501,189.57,335.45,0.77
,6037125502,14000US06037125502,340.56,587.8,0.73
,6037125600,14000US06037125600,344.27,570.55,0.66
,6037127102,14000US06037127102,266.4,458.78,0.72
,6037127104,14000US06037127104,240.02,465.87,0.94
,6037127210,14000US06037127210,275.16,497.76,0.81
,6037127220,14000US06037127220,253.83,466.65,0.84
,6037127300,14000US06037127300,304.19,542.99,0.79
,6037127400,14000US06037127400,293.22,504.58,0.72
,6037127603,14000US06037127603,261.12,527.92,1.02
,6037127604,14000US06037127604,183.01,349.95,0.91
,6037127605,14000US06037127605,176.18,315.84,0.79
,6037127606,14000US06037127606,286.63,536.13,0.87
,6037127711,14000US06037127711,305.36,541.9,0.77
,6037127712,14000US06037127712,154.21,276.13,0.79
,6037127803,14000US06037127803,260.35,503.83,0.94
,6037127804,14000US06037127804,274.96,474.17,0.72
,6037127805,14000US06037127805,252.71,469.15,0.86
,6037127806,14000US06037127806,278.78,480.84,0.72
,6037127910,14000US06037127910,150.35,277.49,0.85
,6037127920,14000US06037127920,283.75,514.99,0.81
,6037128101,14000US06037128101,262.5,500.86,0.91
,6037128102,14000US06037128102,315.7,553.98,0.75
,6037128220,14000US06037128220,300.13,547.46,0.82
,6037128302,14000US06037128302,347.02,662.19,0.91
,6037128400,14000US06037128400,605.22,1016.25,0.68
,6037128500,14000US06037128500,334.99,559.46,0.67
,6037128601,14000US06037128601,367.97,687.36,0.87
,6037128602,14000US06037128602,348.73,547.16,0.57
,6037128702,14000US06037128702,369.16,609.7,0.65
,6037128801,14000US06037128801,220.9,347.32,0.57
,6037128802,14000US06037128802,385.48,618.71,0.61
,6037128910,14000US06037128910,825.26,1366.09,0.66
,6037131010,14000US06037131010,402.56,666.02,0.65
,6037131020,14000US06037131020,474.32,846.27,0.78
,6037131100,14000US06037131100,505.45,881.5,0.74
,6037131200,14000US06037131200,499.68,838.87,0.68
,6037131300,14000US06037131300,586.36,997.62,0.7
,6037131400,14000US06037131400,400.53,667.65,0.67
,6037131600,14000US06037131600,581.89,1024.43,0.76
,6037131701,14000US06037131701,195.37,307.46,0.57
,6037131702,14000US06037131702,296.88,546.29,0.84
,6037131800,14000US06037131800,416.73,723.88,0.74
,6037131900,14000US06037131900,509.78,923.04,0.81
,6037132001,14000US06037132001,416.46,720.48,0.73
,6037132002,14000US06037132002,308.78,528.53,0.71
,6037132101,14000US06037132101,398.43,696.79,0.75
,6037132102,14000US06037132102,493.37,867.55,0.76
,6037132300,14000US06037132300,395.04,688.96,0.74
,6037132501,14000US06037132501,389.95,716.27,0.84
,6037132502,14000US06037132502,169.61,309.45,0.82
,6037132700,14000US06037132700,509.49,900,0.77
,6037132900,14000US06037132900,303.55,494.46,0.63
,6037133000,14000US06037133000,553.5,971.33,0.75
,6037133100,14000US06037133100,506.77,897.11,0.77
,6037134001,14000US06037134001,195.34,334.32,0.71
,6037134002,14000US06037134002,283,474.66,0.68
,6037134101,14000US06037134101,688.22,1145.02,0.66
,6037134103,14000US06037134103,481.47,782.75,0.63
,6037134104,14000US06037134104,542.9,803.29,0.48
,6037134201,14000US06037134201,464.64,758.3,0.63
,6037134302,14000US06037134302,726.02,1148.91,0.58
,6037134303,14000US06037134303,630.19,1004.7,0.59
,6037134304,14000US06037134304,406.03,629.25,0.55
,6037134306,14000US06037134306,269,429.81,0.6
,6037134421,14000US06037134421,521.7,750.59,0.44
,6037134422,14000US06037134422,651.05,963.4,0.48
,6037134423,14000US06037134423,566.61,837.07,0.48
,6037134424,14000US06037134424,287.83,398.74,0.39
,6037134522,14000US06037134522,172.72,337.31,0.95
,6037134710,14000US06037134710,261.61,441.18,0.69
,6037134720,14000US06037134720,433.19,720.88,0.66
,6037134800,14000US06037134800,585.11,994.1,0.7
,6037134901,14000US06037134901,530.41,905.8,0.71
,6037134904,14000US06037134904,426.58,695.93,0.63
,6037134905,14000US06037134905,188.27,283.34,0.5
,6037135102,14000US06037135102,330.28,510.56,0.55
,6037135111,14000US06037135111,522.38,817.81,0.57
,6037135201,14000US06037135201,637.44,950.06,0.49
,6037135202,14000US06037135202,822.68,1266.74,0.54
,6037135203,14000US06037135203,652.17,966.46,0.48
,6037137000,14000US06037137000,474.72,733.12,0.54
,6037137104,14000US06037137104,422.38,649.01,0.54
,6037137201,14000US06037137201,607.72,934.48,0.54
,6037137301,14000US06037137301,331.65,517.65,0.56
,6037137302,14000US06037137302,314.76,467.16,0.48
,6037137401,14000US06037137401,676.18,1015.79,0.5
,6037137402,14000US06037137402,526.79,807.61,0.53
,6037137501,14000US06037137501,167.4,242.91,0.45
,6037137502,14000US06037137502,609.89,902.57,0.48
,6037137504,14000US06037137504,280.72,370.44,0.32
,6037138000,14000US06037138000,538.52,799.49,0.48
,6037139001,14000US06037139001,660.64,1152.1,0.74
,6037139200,14000US06037139200,603.41,1059.36,0.76
,6037139301,14000US06037139301,558.71,878.86,0.57
,6037139401,14000US06037139401,206.86,320.64,0.55
,6037139402,14000US06037139402,324.26,479.23,0.48
,6037139502,14000US06037139502,575.62,833.51,0.45
,6037139600,14000US06037139600,176.62,231.81,0.31
,6037139701,14000US06037139701,346.93,529.39,0.53
,6037139702,14000US06037139702,327.54,405.25,0.24
,6037139703,14000US06037139703,346.69,478.5,0.38
,6037139801,14000US06037139801,273.32,390.68,0.43
,6037139802,14000US06037139802,273.13,409.11,0.5
,6037141101,14000US06037141101,376.97,654.49,0.74
,6037141102,14000US06037141102,410.7,638.3,0.55
,6037141201,14000US06037141201,433.16,740.93,0.71
,6037141302,14000US06037141302,402.82,666.73,0.66
,6037141304,14000US06037141304,390.84,691.48,0.77
,6037141400,14000US06037141400,328.69,487.9,0.48
,6037141600,14000US06037141600,363.99,521.66,0.43
,6037141700,14000US06037141700,365.38,559.46,0.53
,6037143100,14000US06037143100,344.94,493.74,0.43
,6037143200,14000US06037143200,212.26,332.53,0.57
,6037143300,14000US06037143300,389.25,656.84,0.69
,6037143400,14000US06037143400,423.32,693.6,0.64
,6037143500,14000US06037143500,410.38,623.35,0.52
,6037143602,14000US06037143602,454.13,680.78,0.5
,6037143700,14000US06037143700,411.89,624.88,0.52
,6037143800,14000US06037143800,345.43,588.09,0.7
,6037143901,14000US06037143901,365.68,537.12,0.47
,6037181000,14000US06037181000,683.09,1288.17,0.89
,6037181300,14000US06037181300,489.34,901.71,0.84
,6037181400,14000US06037181400,406.33,759.92,0.87
,6037181500,14000US06037181500,576.94,1158.76,1.01
,6037181600,14000US06037181600,366.54,703.05,0.92
,6037183101,14000US06037183101,565.65,1188.9,1.1
,6037183103,14000US06037183103,182.41,393.5,1.16
,6037183104,14000US06037183104,346.72,681.43,0.97
,6037183220,14000US06037183220,360.81,834.25,1.31
,6037183221,14000US06037183221,371.71,810.45,1.18
,6037183222,14000US06037183222,377.61,762.04,1.02
,6037183300,14000US06037183300,338.14,829.84,1.45
,6037183401,14000US06037183401,385.49,928.24,1.41
,6037183402,14000US06037183402,199.09,371.15,0.86
,6037183510,14000US06037183510,348.92,803.08,1.3
,6037183520,14000US06037183520,219.13,456.33,1.08
,6037183610,14000US06037183610,188.42,471.29,1.5
,6037183620,14000US06037183620,351.51,798.65,1.27
,6037183701,14000US06037183701,349.28,759.44,1.17
,6037183702,14000US06037183702,380.84,762.58,1
,6037183810,14000US06037183810,126.55,301.05,1.38
,6037185100,14000US06037185100,560.27,1080.86,0.93
,6037185202,14000US06037185202,395.8,782.8,0.98
,6037185203,14000US06037185203,199.84,392.57,0.96
,6037185204,14000US06037185204,370.97,709.9,0.91
,6037185310,14000US06037185310,207.9,464.66,1.24
,6037185320,14000US06037185320,139.3,354.65,1.55
,6037186100,14000US06037186100,515.49,949.3,0.84
,6037186201,14000US06037186201,210.7,459.88,1.18
,6037186202,14000US06037186202,317.57,607.92,0.91
,6037186203,14000US06037186203,563.95,1138.2,1.02
,6037186301,14000US06037186301,239.73,464.65,0.94
,6037186302,14000US06037186302,522.03,1011.98,0.94
,6037186403,14000US06037186403,362.81,786.44,1.17
,6037186404,14000US06037186404,204.13,444.78,1.18
,6037187101,14000US06037187101,465.09,861.23,0.85
,6037187102,14000US06037187102,421.44,770.77,0.83
,6037187200,14000US06037187200,198.47,390.42,0.97
,6037187300,14000US06037187300,403.35,711.08,0.76
,6037188100,14000US06037188100,372.69,717.04,0.92
,6037188300,14000US06037188300,621.9,1096.38,0.76
,6037189101,14000US06037189101,168.35,275.4,0.64
,6037189400,14000US06037189400,413.58,696.43,0.68
,6037189600,14000US06037189600,389.8,617.09,0.58
,6037189701,14000US06037189701,384.92,622.56,0.62
,6037190802,14000US06037190802,122.9,261.49,1.13
,6037191610,14000US06037191610,125.78,247.93,0.97
,6037191902,14000US06037191902,533.28,902.83,0.69
,6037192002,14000US06037192002,498.42,786.75,0.58
,6037192300,14000US06037192300,267.02,357.41,0.34
,6037192410,14000US06037192410,475.65,791.8,0.66
,6037194101,14000US06037194101,246.86,450.52,0.83
,6037194102,14000US06037194102,372.28,453.24,0.22
,6037194200,14000US06037194200,365.49,580.66,0.59
,6037194300,14000US06037194300,363.16,608.21,0.67
,6037195100,14000US06037195100,609.16,1051.45,0.73
,6037195202,14000US06037195202,464.68,832.37,0.79
,6037195300,14000US06037195300,228.61,378.19,0.65
,6037195400,14000US06037195400,438.92,693.94,0.58
,6037195500,14000US06037195500,487.46,872.28,0.79
,6037195600,14000US06037195600,264.4,466.24,0.76
,6037195710,14000US06037195710,128.37,274.23,1.14
,6037195803,14000US06037195803,239,513.52,1.15
,6037195902,14000US06037195902,281.17,575.43,1.05
,6037197200,14000US06037197200,305.84,750.34,1.45
,6037197300,14000US06037197300,247.17,490.12,0.98
,6037197410,14000US06037197410,464.76,899.47,0.94
,6037197420,14000US06037197420,246.99,540.47,1.19
,6037197500,14000US06037197500,148.1,312.55,1.11
,6037199110,14000US06037199110,166.21,404.03,1.43
,6037199202,14000US06037199202,179.17,382.31,1.13
,6037199300,14000US06037199300,338.1,712.79,1.11
,6037199400,14000US06037199400,181.88,432.57,1.38
,6037199800,14000US06037199800,155.69,350.98,1.25
,6037201110,14000US06037201110,190.88,421.11,1.21
,6037201120,14000US06037201120,216.92,439.8,1.03
,6037201200,14000US06037201200,185.81,453.76,1.44
,6037201301,14000US06037201301,350.2,748.05,1.14
,6037201302,14000US06037201302,206.16,417.18,1.02
,6037201401,14000US06037201401,337.1,759.57,1.25
,6037201402,14000US06037201402,321.55,676.94,1.11
,6037201501,14000US06037201501,340.16,690.01,1.03
,6037201503,14000US06037201503,176.34,384.4,1.18
,6037201504,14000US06037201504,190.4,442.51,1.32
,6037201601,14000US06037201601,321.63,665.71,1.07
,6037201602,14000US06037201602,303.25,651.79,1.15
,6037201700,14000US06037201700,332.58,765.13,1.3
,6037203200,14000US06037203200,136.12,361.41,1.66
,6037203800,14000US06037203800,152.18,372.9,1.45
,6037204700,14000US06037204700,139.02,320.06,1.3
,6037204920,14000US06037204920,105.61,213.58,1.02
,6037212701,14000US06037212701,200.05,402.05,1.01
,6037212702,14000US06037212702,444.08,924.3,1.08
,6037212800,14000US06037212800,213.12,449.68,1.11
,6037216100,14000US06037216100,233.16,338.75,0.45
,6037216700,14000US06037216700,490.24,842.44,0.72
,6037216900,14000US06037216900,492.19,973.88,0.98
,6037217001,14000US06037217001,469.7,507.62,0.08
,6037217002,14000US06037217002,472.67,897.5,0.9
,6037217100,14000US06037217100,542.55,1026.45,0.89
,6037217200,14000US06037217200,232.88,497.55,1.14
,6037218110,14000US06037218110,226.51,443.71,0.96
,6037218120,14000US06037218120,175.74,432.3,1.46
,6037218210,14000US06037218210,118.15,302.3,1.56
,6037218220,14000US06037218220,208.09,397.2,0.91
,6037218300,14000US06037218300,432.54,955.11,1.21
,6037218400,14000US06037218400,228.37,522.8,1.29
,6037218500,14000US06037218500,230.01,594.12,1.58
,6037218600,14000US06037218600,187.2,509.54,1.72
,6037218701,14000US06037218701,229.63,519.13,1.26
,6037218900,14000US06037218900,195.39,427.17,1.19
,6037219010,14000US06037219010,167.85,423.08,1.52
,6037219020,14000US06037219020,192.96,546.27,1.83
,6037219300,14000US06037219300,122.83,301.5,1.45
,6037219500,14000US06037219500,286.86,646.9,1.26
,6037219700,14000US06037219700,199.77,530.97,1.66
,6037219800,14000US06037219800,180.48,425.13,1.36
,6037219901,14000US06037219901,191.28,499.92,1.61
,6037219902,14000US06037219902,224.89,498.96,1.22
,6037220000,14000US06037220000,208.88,544.63,1.61
,6037220100,14000US06037220100,196.07,395.01,1.01
,6037221210,14000US06037221210,172.7,350.64,1.03
,6037221401,14000US06037221401,133.8,247.18,0.85
,6037222001,14000US06037222001,224.98,544.31,1.42
,6037222002,14000US06037222002,173.61,438.42,1.53
,6037222100,14000US06037222100,175.3,419.27,1.39
,6037222200,14000US06037222200,143.17,333.09,1.33
,6037222500,14000US06037222500,180.24,455.92,1.53
,6037228220,14000US06037228220,116.64,229.69,0.97
,6037228500,14000US06037228500,128.84,224.73,0.74
,6037228800,14000US06037228800,131.4,236.72,0.8
,6037229100,14000US06037229100,135.53,335.97,1.48
,6037231300,14000US06037231300,172.01,405.59,1.36
,6037231400,14000US06037231400,182.08,421.12,1.31
,6037231500,14000US06037231500,188.19,467.29,1.48
,6037231600,14000US06037231600,177.74,409.64,1.3
,6037232200,14000US06037232200,125.23,273.59,1.18
,6037232300,14000US06037232300,171.93,413.68,1.41
,6037232400,14000US06037232400,185.67,456.89,1.46
,6037232500,14000US06037232500,172.67,367.17,1.13
,6037232600,14000US06037232600,177.39,397.88,1.24
,6037232700,14000US06037232700,172.22,353.77,1.05
,6037234000,14000US06037234000,291.11,665.91,1.29
,6037234200,14000US06037234200,303.58,684.18,1.25
,6037234300,14000US06037234300,312.89,663.33,1.12
,6037234501,14000US06037234501,176.66,377.39,1.14
,6037234502,14000US06037234502,156.26,312.71,1
,6037234600,14000US06037234600,322.33,685.17,1.13
,6037234700,14000US06037234700,181.61,410.49,1.26
,6037234800,14000US06037234800,185.84,445.86,1.4
,6037235100,14000US06037235100,537.88,1159.78,1.16
,6037235201,14000US06037235201,222.73,466.38,1.09
,6037235202,14000US06037235202,275.48,531.85,0.93
,6037236000,14000US06037236000,287.75,597.97,1.08
,6037236100,14000US06037236100,175.67,400,1.28
,6037236400,14000US06037236400,255.68,515.4,1.02
,6037237201,14000US06037237201,116.21,244.75,1.11
,6037237202,14000US06037237202,173.34,344.66,0.99
,6037237300,14000US06037237300,189.27,404.55,1.14
,6037237401,14000US06037237401,145.67,355.37,1.44
,6037237402,14000US06037237402,151.26,335.43,1.22
,6037237800,14000US06037237800,166.69,346.63,1.08
,6037237900,14000US06037237900,213.73,427.04,1
,6037238000,14000US06037238000,298.64,593.44,0.99
,6037238100,14000US06037238100,203.3,414.88,1.04
,6037238200,14000US06037238200,177.17,351.07,0.98
,6037238400,14000US06037238400,310.06,605.97,0.95
,6037239501,14000US06037239501,117.72,231.31,0.96
,6037239502,14000US06037239502,100.2,246.95,1.46
,6037239701,14000US06037239701,102.13,225.87,1.21
,6037239802,14000US06037239802,148.12,324.41,1.19
,6037240020,14000US06037240020,134.01,329.68,1.46
,6037240200,14000US06037240200,138.37,315.15,1.28
,6037240300,14000US06037240300,159.04,319.71,1.01
,6037240402,14000US06037240402,142.62,332.51,1.33
,6037240600,14000US06037240600,149.23,344.42,1.31
,6037240700,14000US06037240700,140.01,347.62,1.48
,6037240800,14000US06037240800,105.98,257.63,1.43
,6037240900,14000US06037240900,146.22,402.82,1.75
,6037241001,14000US06037241001,138.41,316.42,1.29
,6037241002,14000US06037241002,135.26,346.32,1.56
,6037241120,14000US06037241120,83.61,219.68,1.63
,6037241201,14000US06037241201,142.04,362.1,1.55
,6037241202,14000US06037241202,151.96,337.21,1.22
,6037241300,14000US06037241300,158.19,331.73,1.1
,6037241400,14000US06037241400,123.21,221.68,0.8
,6037242000,14000US06037242000,94.95,239,1.52
,6037242200,14000US06037242200,116.45,357.82,2.07
,6037242700,14000US06037242700,120.9,346.63,1.87
,6037243000,14000US06037243000,126.12,321.88,1.55
,6037243100,14000US06037243100,114.59,307.62,1.68
,6037261200,14000US06037261200,316.83,462.84,0.46
,6037262100,14000US06037262100,185.58,307.42,0.66
,6037267502,14000US06037267502,210.66,413.27,0.96
,6037269500,14000US06037269500,394.43,699.87,0.77
,6037269601,14000US06037269601,136.21,263.74,0.94
,6037269700,14000US06037269700,618.07,1154.54,0.87
,6037269800,14000US06037269800,439.84,752.78,0.71
,6037270200,14000US06037270200,459.11,853.86,0.86
,6037270300,14000US06037270300,405.25,742,0.83
,6037271100,14000US06037271100,407.01,641.05,0.58
,6037271300,14000US06037271300,422.19,735.4,0.74
,6037271400,14000US06037271400,612.65,1070.76,0.75
,6037271701,14000US06037271701,416.15,732.52,0.76
,6037271801,14000US06037271801,396.24,652.63,0.65
,6037271901,14000US06037271901,368.5,670.77,0.82
,6037271902,14000US06037271902,398.77,666.39,0.67
,6037272100,14000US06037272100,841.67,1343.25,0.6
,6037272301,14000US06037272301,373.12,719.58,0.93
,6037273100,14000US06037273100,476.56,822.83,0.73
,6037273800,14000US06037273800,510.32,945.49,0.85
,6037275101,14000US06037275101,214.78,360.19,0.68
,6037275102,14000US06037275102,359.78,674.09,0.87
,6037275200,14000US06037275200,422.77,940.13,1.22
,6037275311,14000US06037275311,632.97,1147.54,0.81
,6037275400,14000US06037275400,524.82,978.9,0.87
,6037275500,14000US06037275500,409.63,809.72,0.98
,6037275603,14000US06037275603,362.41,643.15,0.77
,6037276000,14000US06037276000,755.63,1216.39,0.61
,6037276100,14000US06037276100,321.36,541.94,0.69
,6037276400,14000US06037276400,605.83,1002.12,0.65
,6037276500,14000US06037276500,425.4,772.58,0.82
,6037276601,14000US06037276601,350.03,558.17,0.59
,6037276604,14000US06037276604,367.85,640.93,0.74
,6037277000,14000US06037277000,600.41,968.27,0.61
,6037277100,14000US06037277100,566.25,920.12,0.62
,6037278001,14000US06037278001,369,612.24,0.66
,6037291110,14000US06037291110,151.18,323.56,1.14
,6037291120,14000US06037291120,186.59,344.84,0.85
,6037291130,14000US06037291130,281.39,506.7,0.8
,6037291210,14000US06037291210,277.2,476.06,0.72
,6037291220,14000US06037291220,242.78,386.34,0.59
,6037291300,14000US06037291300,278.27,431.49,0.55
,6037292000,14000US06037292000,295.61,481.69,0.63
,6037293201,14000US06037293201,471.37,742.62,0.58
,6037293202,14000US06037293202,250.54,386.59,0.54
,6037293301,14000US06037293301,277.3,403.94,0.46
,6037293302,14000US06037293302,270.99,417.83,0.54
,6037293304,14000US06037293304,173.41,247.18,0.43
,6037293306,14000US06037293306,279.34,394.59,0.41
,6037294110,14000US06037294110,402.97,701.57,0.74
,6037294120,14000US06037294120,159.03,360.18,1.26
,6037294200,14000US06037294200,244.81,430.2,0.76
,6037294301,14000US06037294301,242.36,425.55,0.76
,6037294302,14000US06037294302,243.2,419.58,0.73
,6037294510,14000US06037294510,153.55,258.38,0.68
,6037294520,14000US06037294520,169.11,312.42,0.85
,6037294610,14000US06037294610,147.4,274.03,0.86
,6037294620,14000US06037294620,172.89,314.47,0.82
,6037294830,14000US06037294830,170.93,281.46,0.65
,6037294900,14000US06037294900,160.24,306.75,0.91
,6037295103,14000US06037295103,401.64,569.99,0.42
,6037296210,14000US06037296210,116.89,231.85,0.98
,6037296300,14000US06037296300,269.9,375.33,0.39
,6037296401,14000US06037296401,303.65,427.25,0.41
,6037296402,14000US06037296402,283.81,416.01,0.47
,6037296500,14000US06037296500,293.42,444.03,0.51
,6037296600,14000US06037296600,164.89,243.15,0.47
,6037296901,14000US06037296901,125.73,186.21,0.48
,6037296902,14000US06037296902,109.72,179.67,0.64
,6037297000,14000US06037297000,344.16,465.74,0.35
,6037297110,14000US06037297110,114.47,203.65,0.78
,6037297120,14000US06037297120,122.98,202.73,0.65
,6037297201,14000US06037297201,181.61,248.62,0.37
,6037297202,14000US06037297202,264.05,378.51,0.43
,6037297300,14000US06037297300,293.96,394.27,0.34
,6037297400,14000US06037297400,311.89,436.72,0.4
,6037297500,14000US06037297500,678.38,954.42,0.41
,6037297601,14000US06037297601,204.85,295.29,0.44
,6037297602,14000US06037297602,304.19,435.04,0.43
,6037300100,14000US06037300100,712.38,1059.33,0.49
,6037300200,14000US06037300200,794.08,1181.54,0.49
,6037300301,14000US06037300301,681.55,1023.57,0.5
,6037300400,14000US06037300400,717.83,1145,0.6
,6037300501,14000US06037300501,414.91,627.99,0.51
,6037300502,14000US06037300502,357.54,545.79,0.53
,6037300600,14000US06037300600,609.85,933.11,0.53
,6037300701,14000US06037300701,394.01,569.5,0.45
,6037300702,14000US06037300702,310.71,425.44,0.37
,6037300800,14000US06037300800,380.02,558.1,0.47
,6037300901,14000US06037300901,453.02,708.68,0.56
,6037300902,14000US06037300902,349.04,519.18,0.49
,6037301000,14000US06037301000,308.43,503.47,0.63
,6037301100,14000US06037301100,372.86,560.63,0.5
,6037301203,14000US06037301203,202.31,338.48,0.67
,6037301205,14000US06037301205,364.21,596.95,0.64
,6037301206,14000US06037301206,348.55,559.59,0.61
,6037301300,14000US06037301300,334.01,495.24,0.48
,6037301400,14000US06037301400,569.71,900.64,0.58
,6037301501,14000US06037301501,401.29,643.55,0.6
,6037301502,14000US06037301502,190.71,297.95,0.56
,6037301601,14000US06037301601,383.34,628.82,0.64
,6037301602,14000US06037301602,327.24,563.36,0.72
,6037301701,14000US06037301701,331.66,543.03,0.64
,6037301702,14000US06037301702,183.61,333.85,0.82
,6037301900,14000US06037301900,340.42,564.81,0.66
,6037302102,14000US06037302102,377.82,642.24,0.7
,6037302103,14000US06037302103,205.75,357.28,0.74
,6037302104,14000US06037302104,142.66,245.45,0.72
,6037302202,14000US06037302202,159.95,315,0.97
,6037302301,14000US06037302301,135.24,252.05,0.86
,6037302506,14000US06037302506,355.75,604.09,0.7
,6037310100,14000US06037310100,547.85,780.8,0.43
,6037310201,14000US06037310201,416.39,643.56,0.55
,6037310202,14000US06037310202,401.32,576.39,0.44
,6037310300,14000US06037310300,401.56,595.05,0.48
,6037310400,14000US06037310400,426.39,662.45,0.55
,6037310501,14000US06037310501,229.82,373.81,0.63
,6037310601,14000US06037310601,378.82,619.28,0.63
,6037310602,14000US06037310602,343.18,523.49,0.53
,6037310703,14000US06037310703,208.08,331.75,0.59
,6037310800,14000US06037310800,439.13,732.1,0.67
,6037310900,14000US06037310900,707.25,1155.36,0.63
,6037311000,14000US06037311000,400.27,641,0.6
,6037311100,14000US06037311100,606.93,983.65,0.62
,6037311200,14000US06037311200,383.9,638.66,0.66
,6037311300,14000US06037311300,711.78,1148.3,0.61
,6037311400,14000US06037311400,399.96,670.42,0.68
,6037311500,14000US06037311500,744.51,1200.37,0.61
,6037311600,14000US06037311600,362.55,571.94,0.58
,6037311700,14000US06037311700,679.05,1051.92,0.55
,6037311801,14000US06037311801,179.92,296.75,0.65
,6037311802,14000US06037311802,205,316.61,0.54
,6037320100,14000US06037320100,496.75,903.33,0.82
,6037320201,14000US06037320201,152.42,306.91,1.01
,6037320202,14000US06037320202,251.44,447.5,0.78
,6037320300,14000US06037320300,289.41,565.16,0.95
,6037400204,14000US06037400204,849.75,1151.54,0.36
,6037400205,14000US06037400205,197.85,275.64,0.39
,6037400206,14000US06037400206,943.72,1289.27,0.37
,6037400207,14000US06037400207,744.92,1031.85,0.39
,6037400302,14000US06037400302,728.88,1091.59,0.5
,6037400304,14000US06037400304,714.53,1076.95,0.51
,6037400402,14000US06037400402,336.58,496.45,0.47
,6037400403,14000US06037400403,731.75,1084.58,0.48
,6037400404,14000US06037400404,565.84,774.14,0.37
,6037400501,14000US06037400501,314.22,412.59,0.31
,6037400602,14000US06037400602,323.95,543.23,0.68
,6037400603,14000US06037400603,278.74,426.08,0.53
,6037400604,14000US06037400604,182.73,296.29,0.62
,6037400900,14000US06037400900,334.03,485.09,0.45
,6037401001,14000US06037401001,947.13,1368.41,0.44
,6037401002,14000US06037401002,394.31,571.23,0.45
,6037401101,14000US06037401101,365.87,546.06,0.49
,6037401102,14000US06037401102,316.73,507.3,0.6
,6037401201,14000US06037401201,334.59,500.75,0.5
,6037401202,14000US06037401202,520.76,797.37,0.53
,6037401203,14000US06037401203,556.95,845.54,0.52
,6037401303,14000US06037401303,276.72,385.17,0.39
,6037401304,14000US06037401304,611.01,848.14,0.39
,6037401311,14000US06037401311,535.59,841.44,0.57
,6037401312,14000US06037401312,726.97,1105.12,0.52
,6037401500,14000US06037401500,343.41,531.2,0.55
,6037401601,14000US06037401601,682.54,952.37,0.4
,6037401602,14000US06037401602,631.69,955.05,0.51
,6037401603,14000US06037401603,319.22,475.35,0.49
,6037401701,14000US06037401701,475.96,680.56,0.43
,6037401703,14000US06037401703,467.58,831.65,0.78
,6037401704,14000US06037401704,217.82,388.94,0.79
,6037401800,14000US06037401800,825.72,1166.82,0.41
,6037401902,14000US06037401902,587.93,877.92,0.49
,6037402001,14000US06037402001,363.54,575.9,0.58
,6037402002,14000US06037402002,367.73,552.62,0.5
,6037402101,14000US06037402101,185.83,367.48,0.98
,6037402102,14000US06037402102,232.23,430.02,0.85
,6037402200,14000US06037402200,398.2,712.8,0.79
,6037402301,14000US06037402301,170.81,354.74,1.08
,6037402303,14000US06037402303,155.9,309.61,0.99
,6037402402,14000US06037402402,253.49,498.76,0.97
,6037402403,14000US06037402403,179.59,339.54,0.89
,6037402405,14000US06037402405,190.61,387.15,1.03
,6037402406,14000US06037402406,168.02,327.78,0.95
,6037402502,14000US06037402502,146.81,335.3,1.28
,6037402600,14000US06037402600,274.36,494.13,0.8
,6037402702,14000US06037402702,150.48,330.59,1.2
,6037402703,14000US06037402703,202.36,375.9,0.86
,6037402705,14000US06037402705,249.58,474.78,0.9
,6037402706,14000US06037402706,208.25,406.83,0.95
,6037402801,14000US06037402801,117.29,197.09,0.68
,6037402803,14000US06037402803,141.45,261.1,0.85
,6037402804,14000US06037402804,154.69,338.16,1.19
,6037402902,14000US06037402902,183.23,356.51,0.95
,6037402903,14000US06037402903,158.14,294.4,0.86
,6037402904,14000US06037402904,163.07,333.36,1.04
,6037403000,14000US06037403000,198,373.91,0.89
,6037403303,14000US06037403303,520.1,743.79,0.43
,6037403304,14000US06037403304,865.1,1232.63,0.42
,6037403305,14000US06037403305,321.42,443.26,0.38
,6037403312,14000US06037403312,836.91,1252.26,0.5
,6037403316,14000US06037403316,761.06,1100.85,0.45
,6037403317,14000US06037403317,416.82,651.23,0.56
,6037403318,14000US06037403318,388.68,608.32,0.57
,6037403319,14000US06037403319,446.08,655.08,0.47
,6037403320,14000US06037403320,474.19,646.56,0.36
,6037403321,14000US06037403321,662.53,950.34,0.43
,6037403322,14000US06037403322,817.93,1171.03,0.43
,6037403323,14000US06037403323,708.82,1024.01,0.44
,6037403324,14000US06037403324,830.47,1139.13,0.37
,6037403325,14000US06037403325,594.31,882.18,0.48
,6037403401,14000US06037403401,897.21,1286.75,0.43
,6037403402,14000US06037403402,729.17,1056.27,0.45
,6037403403,14000US06037403403,364.59,491.14,0.35
,6037403404,14000US06037403404,1117.59,1492.57,0.34
,6037403405,14000US06037403405,214.84,287.81,0.34
,6037403406,14000US06037403406,397.08,536.34,0.35
,6037403407,14000US06037403407,392.64,512.38,0.3
,6037403408,14000US06037403408,386.43,524.77,0.36
,6037403500,14000US06037403500,153.39,254,0.66
,6037403600,14000US06037403600,609.88,898.49,0.47
,6037403702,14000US06037403702,613.85,882.74,0.44
,6037403703,14000US06037403703,514.99,768.62,0.49
,6037403721,14000US06037403721,468.23,734.33,0.57
,6037403722,14000US06037403722,307.63,473.21,0.54
,6037403801,14000US06037403801,497.02,794.61,0.6
,6037403802,14000US06037403802,480.05,740.77,0.54
,6037403901,14000US06037403901,313.44,493.45,0.57
,6037403902,14000US06037403902,325.2,483.69,0.49
,6037404000,14000US06037404000,335.04,539.98,0.61
,6037404100,14000US06037404100,302.45,525.56,0.74
,6037404201,14000US06037404201,182.32,303.07,0.66
,6037404202,14000US06037404202,195.29,329.64,0.69
,6037404301,14000US06037404301,183.59,348.86,0.9
,6037404302,14000US06037404302,312.74,519.35,0.66
,6037404401,14000US06037404401,200.07,336.37,0.68
,6037404402,14000US06037404402,292.21,522.95,0.79
,6037404501,14000US06037404501,167.42,371.29,1.22
,6037404503,14000US06037404503,468.74,752.88,0.61
,6037404504,14000US06037404504,189.78,309.27,0.63
,6037404600,14000US06037404600,187.16,328.66,0.76
,6037404701,14000US06037404701,236.78,418.26,0.77
,6037404702,14000US06037404702,307.69,554.35,0.8
,6037404703,14000US06037404703,180.55,282.81,0.57
,6037404801,14000US06037404801,299.19,515.71,0.72
,6037404802,14000US06037404802,300.36,518.69,0.73
,6037404803,14000US06037404803,168.67,311.5,0.85
,6037404901,14000US06037404901,290.68,541.25,0.86
,6037404902,14000US06037404902,312.9,523.47,0.67
,6037404903,14000US06037404903,188.69,324.95,0.72
,6037405001,14000US06037405001,298.59,533.73,0.79
,6037405002,14000US06037405002,189.62,345.31,0.82
,6037405101,14000US06037405101,285.79,522.54,0.83
,6037405102,14000US06037405102,175.31,327.1,0.87
,6037405201,14000US06037405201,320.06,543.87,0.7
,6037405202,14000US06037405202,189.19,319.95,0.69
,6037405203,14000US06037405203,296.64,543.45,0.83
,6037405301,14000US06037405301,318.8,507.75,0.59
,6037405302,14000US06037405302,347.8,551.19,0.58
,6037405400,14000US06037405400,471.36,785.45,0.67
,6037405500,14000US06037405500,624.48,1049.15,0.68
,6037405600,14000US06037405600,603.78,965.98,0.6
,6037405701,14000US06037405701,300.78,483.92,0.61
,6037405702,14000US06037405702,313.6,510.04,0.63
,6037405800,14000US06037405800,502.46,810.03,0.61
,6037405900,14000US06037405900,314.15,509.76,0.62
,6037406000,14000US06037406000,596.86,947.96,0.59
,6037406101,14000US06037406101,303.2,483.85,0.6
,6037406102,14000US06037406102,303.36,489.59,0.61
,6037406200,14000US06037406200,316.72,499.84,0.58
,6037406300,14000US06037406300,288.74,403.49,0.4
,6037406402,14000US06037406402,319.26,449.62,0.41
,6037406411,14000US06037406411,347.07,531.9,0.53
,6037406412,14000US06037406412,321.08,484.63,0.51
,6037406500,14000US06037406500,497.54,744.08,0.5
,6037406601,14000US06037406601,497.34,789.09,0.59
,6037406602,14000US06037406602,330.04,511,0.55
,6037406701,14000US06037406701,327.77,516.27,0.58
,6037406702,14000US06037406702,473.32,757.39,0.6
,6037406800,14000US06037406800,329.64,540.48,0.64
,6037406901,14000US06037406901,317.56,556.63,0.75
,6037406902,14000US06037406902,469.18,800.63,0.71
,6037407001,14000US06037407001,301.08,548.73,0.82
,6037407002,14000US06037407002,292.21,496.94,0.7
,6037407101,14000US06037407101,306.89,545.03,0.78
,6037407102,14000US06037407102,284.85,484.11,0.7
,6037407200,14000US06037407200,308.09,527.47,0.71
,6037407301,14000US06037407301,323.86,567.42,0.75
,6037407302,14000US06037407302,246.93,448.39,0.82
,6037407400,14000US06037407400,324.18,542.92,0.67
,6037407501,14000US06037407501,300.65,541.96,0.8
,6037407502,14000US06037407502,278.26,492.36,0.77
,6037407601,14000US06037407601,206.58,353.21,0.71
,6037407602,14000US06037407602,240.64,410.8,0.71
,6037407701,14000US06037407701,349.16,635.75,0.82
,6037407702,14000US06037407702,429.53,745.04,0.73
,6037407801,14000US06037407801,289.32,522.82,0.81
,6037407802,14000US06037407802,307.36,535.42,0.74
,6037407900,14000US06037407900,502.1,855.78,0.7
,6037408003,14000US06037408003,302.59,498.19,0.65
,6037408004,14000US06037408004,396.38,578.27,0.46
,6037408005,14000US06037408005,281.39,387.94,0.38
,6037408006,14000US06037408006,673.3,1031.21,0.53
,6037408133,14000US06037408133,731.11,1163.04,0.59
,6037408134,14000US06037408134,588.18,891.69,0.52
,6037408135,14000US06037408135,621.48,942.05,0.52
,6037408136,14000US06037408136,504.73,793.66,0.57
,6037408137,14000US06037408137,478.71,753.43,0.57
,6037408138,14000US06037408138,180.27,386.33,1.14
,6037408139,14000US06037408139,185.97,346.83,0.86
,6037408140,14000US06037408140,227.58,439.17,0.93
,6037408141,14000US06037408141,457.82,818.11,0.79
,6037408202,14000US06037408202,377.48,681.63,0.81
,6037408211,14000US06037408211,696.58,1098.02,0.58
,6037408212,14000US06037408212,837.52,1249.04,0.49
,6037408301,14000US06037408301,284.23,498.86,0.76
,6037408302,14000US06037408302,464.51,716.4,0.54
,6037408303,14000US06037408303,589.76,927.84,0.57
,6037408401,14000US06037408401,649.36,1038.44,0.6
,6037408402,14000US06037408402,415.63,612.27,0.47
,6037408501,14000US06037408501,343.18,576.95,0.68
,6037408503,14000US06037408503,708.12,975.55,0.38
,6037408504,14000US06037408504,404.94,643.17,0.59
,6037408505,14000US06037408505,333.56,490.17,0.47
,6037408623,14000US06037408623,495.81,684.08,0.38
,6037408624,14000US06037408624,528.58,825.3,0.56
,6037408625,14000US06037408625,743.67,1079.76,0.45
,6037408626,14000US06037408626,323.14,462.25,0.43
,6037408627,14000US06037408627,317.46,442.27,0.39
,6037408628,14000US06037408628,630.08,882.11,0.4
,6037408629,14000US06037408629,412.98,567.57,0.37
,6037408630,14000US06037408630,220.55,371.37,0.68
,6037408631,14000US06037408631,534.41,837.61,0.57
,6037408703,14000US06037408703,359.54,491.36,0.37
,6037408704,14000US06037408704,523.49,823.04,0.57
,6037408705,14000US06037408705,817.33,1246.89,0.53
,6037408706,14000US06037408706,592.97,847.04,0.43
,6037408722,14000US06037408722,732.96,1086.55,0.48
,6037408723,14000US06037408723,496.39,746.17,0.5
,6037408724,14000US06037408724,193.84,316.78,0.63
,6037408800,14000US06037408800,120.28,209.13,0.74
,6037430002,14000US06037430002,474.64,772.71,0.63
,6037430003,14000US06037430003,633,913.12,0.44
,6037430101,14000US06037430101,333.04,534.58,0.61
,6037430102,14000US06037430102,365.91,618.44,0.69
,6037430301,14000US06037430301,781.46,1132.05,0.45
,6037430302,14000US06037430302,783.17,1122.68,0.43
,6037430400,14000US06037430400,662.98,908.61,0.37
,6037430501,14000US06037430501,677.98,934.01,0.38
,6037430502,14000US06037430502,642.35,899.16,0.4
,6037430600,14000US06037430600,367.37,503.62,0.37
,6037430701,14000US06037430701,399.9,523.57,0.31
,6037430721,14000US06037430721,460.12,592.83,0.29
,6037430802,14000US06037430802,410.38,561.01,0.37
,6037430803,14000US06037430803,698.08,957.79,0.37
,6037430901,14000US06037430901,429.77,693.8,0.61
,6037430902,14000US06037430902,340.66,528.63,0.55
,6037431001,14000US06037431001,420.54,623.1,0.48
,6037431002,14000US06037431002,416.3,582.32,0.4
,6037431100,14000US06037431100,235.77,384.42,0.63
,6037431200,14000US06037431200,376.66,628.17,0.67
,6037431300,14000US06037431300,381.95,565.47,0.48
,6037431400,14000US06037431400,596.9,919.09,0.54
,6037431501,14000US06037431501,382.69,524.14,0.37
,6037431502,14000US06037431502,655.42,948.23,0.45
,6037431600,14000US06037431600,459.25,629.86,0.37
,6037431700,14000US06037431700,392.34,524.17,0.34
,6037431800,14000US06037431800,638.68,933.2,0.46
,6037431900,14000US06037431900,404.94,602.36,0.49
,6037432000,14000US06037432000,732.65,1054.29,0.44
,6037432101,14000US06037432101,562.72,799.39,0.42
,6037432102,14000US06037432102,772.75,1145.46,0.48
,6037432201,14000US06037432201,361.53,555.53,0.54
,6037432202,14000US06037432202,397.12,594.42,0.5
,6037432300,14000US06037432300,337.72,527.6,0.56
,6037432401,14000US06037432401,179.34,305.51,0.7
,6037432402,14000US06037432402,344.49,572.32,0.66
,6037432500,14000US06037432500,519.69,834.09,0.6
,6037432601,14000US06037432601,317.6,518.23,0.63
,6037432602,14000US06037432602,496.62,837.67,0.69
,6037432700,14000US06037432700,245.24,371.91,0.52
,6037432801,14000US06037432801,170.32,265.67,0.56
,6037432901,14000US06037432901,355.99,557.58,0.57
,6037432902,14000US06037432902,383.75,586.58,0.53
,6037433101,14000US06037433101,344.06,520.62,0.51
,6037433200,14000US06037433200,345.23,550.99,0.6
,6037433304,14000US06037433304,180.23,304.28,0.69
,6037433305,14000US06037433305,187.69,322.76,0.72
,6037433401,14000US06037433401,169.75,328.82,0.94
,6037433403,14000US06037433403,188.55,328.33,0.74
,6037433503,14000US06037433503,180.42,273.5,0.52
,6037433504,14000US06037433504,189.33,368.68,0.95
,6037433601,14000US06037433601,390.31,586.24,0.5
,6037433602,14000US06037433602,394.31,642.41,0.63
,6037433700,14000US06037433700,352.55,601,0.7
,6037433801,14000US06037433801,201.07,313.03,0.56
,6037433802,14000US06037433802,160.92,258.08,0.6
,6037433902,14000US06037433902,184.62,309.09,0.67
,6037434001,14000US06037434001,190.87,308.94,0.62
,6037434003,14000US06037434003,192.19,307,0.6
,6037434004,14000US06037434004,185.07,309.46,0.67
,6037460000,14000US06037460000,617.44,913.76,0.48
,6037460100,14000US06037460100,783.97,1163.17,0.48
,6037460200,14000US06037460200,639.87,1060.51,0.66
,6037460301,14000US06037460301,696.62,1163.14,0.67
,6037460302,14000US06037460302,409.04,762.34,0.86
,6037460401,14000US06037460401,207.71,382.2,0.84
,6037460501,14000US06037460501,393.64,516.07,0.31
,6037460502,14000US06037460502,441.11,618.74,0.4
,6037460600,14000US06037460600,369.67,538.36,0.46
,6037460700,14000US06037460700,410.18,534.79,0.3
,6037460800,14000US06037460800,365.13,518.82,0.42
,6037460900,14000US06037460900,412.26,776.92,0.88
,6037461000,14000US06037461000,394.11,737.74,0.87
,6037461100,14000US06037461100,451.96,738.25,0.63
,6037461200,14000US06037461200,796.33,1174.06,0.47
,6037461300,14000US06037461300,672.55,981.63,0.46
,6037461400,14000US06037461400,460.44,705.62,0.53
,6037461501,14000US06037461501,451.69,778.1,0.72
,6037461502,14000US06037461502,282.97,490.19,0.73
,6037461600,14000US06037461600,367.35,674.79,0.84
,6037461700,14000US06037461700,219.04,352.74,0.61
,6037462001,14000US06037462001,314.84,503.82,0.6
,6037462002,14000US06037462002,155.1,262.79,0.69
,6037462100,14000US06037462100,708.56,1111.83,0.57
,6037462301,14000US06037462301,222.66,399.48,0.79
,6037462400,14000US06037462400,779.74,1184.47,0.52
,6037462500,14000US06037462500,827.09,1189.05,0.44
,6037462600,14000US06037462600,449.85,686.9,0.53
,6037462700,14000US06037462700,703.34,1080.2,0.54
,6037462800,14000US06037462800,375.34,585.02,0.56
,6037462900,14000US06037462900,649.72,994.4,0.53
,6037463000,14000US06037463000,380.81,579.99,0.52
,6037463101,14000US06037463101,401.06,616.2,0.54
,6037463102,14000US06037463102,407.31,611.9,0.5
,6037463200,14000US06037463200,410.13,610.23,0.49
,6037463300,14000US06037463300,435.46,632.13,0.45
,6037463400,14000US06037463400,426.7,571.5,0.34
,6037463800,14000US06037463800,417.86,629.11,0.51
,6037463900,14000US06037463900,229.02,339.71,0.48
,6037464000,14000US06037464000,447.82,616.7,0.38
,6037464100,14000US06037464100,417.31,494.76,0.19
,6037480002,14000US06037480002,374.11,551.37,0.47
,6037480011,14000US06037480011,591.8,876.52,0.48
,6037480012,14000US06037480012,415.64,582.3,0.4
,6037480101,14000US06037480101,462.59,670.93,0.45
,6037480102,14000US06037480102,383.31,565.23,0.47
,6037480201,14000US06037480201,427.22,607.07,0.42
,6037480202,14000US06037480202,385.85,568.69,0.47
,6037480302,14000US06037480302,395,566.78,0.43
,6037480400,14000US06037480400,369.76,576.82,0.56
,6037480500,14000US06037480500,450.93,668.3,0.48
,6037480600,14000US06037480600,444.11,650.84,0.47
,6037480702,14000US06037480702,615.52,922.18,0.5
,6037480703,14000US06037480703,456.57,687.01,0.5
,6037480704,14000US06037480704,457.08,688.2,0.51
,6037480802,14000US06037480802,600.7,914.6,0.52
,6037480803,14000US06037480803,441.13,658.1,0.49
,6037480804,14000US06037480804,213.03,352.35,0.65
,6037480903,14000US06037480903,345.38,530.19,0.54
,6037481001,14000US06037481001,352.37,536.44,0.52
,6037481002,14000US06037481002,408.08,629.14,0.54
,6037481101,14000US06037481101,242.95,307.17,0.26
,6037481103,14000US06037481103,416.59,632.23,0.52
,6037481201,14000US06037481201,394.19,549.79,0.39
,6037481202,14000US06037481202,607.16,944.12,0.55
,6037481300,14000US06037481300,409.93,610.08,0.49
,6037481401,14000US06037481401,367.25,534.77,0.46
,6037481402,14000US06037481402,931.42,1387.05,0.49
,6037481500,14000US06037481500,597.62,868.77,0.45
,6037481603,14000US06037481603,387.86,537.92,0.39
,6037481604,14000US06037481604,369.04,538.04,0.46
,6037481605,14000US06037481605,366.26,579.23,0.58
,6037481606,14000US06037481606,404.22,590.8,0.46
,6037481712,14000US06037481712,367.67,532.03,0.45
,6037481800,14000US06037481800,364.97,523.27,0.43
,6037481901,14000US06037481901,773.46,1173.07,0.52
,6037481902,14000US06037481902,380.66,555.05,0.46
,6037482001,14000US06037482001,347.27,501.79,0.44
,6037482002,14000US06037482002,462.82,684.08,0.48
,6037482101,14000US06037482101,353.65,525,0.48
,6037482102,14000US06037482102,622.58,895.29,0.44
,6037482201,14000US06037482201,359.87,582.42,0.62
,6037482202,14000US06037482202,370.51,553.27,0.49
,6037482301,14000US06037482301,403.6,595.58,0.48
,6037482303,14000US06037482303,359.52,587.91,0.64
,6037482304,14000US06037482304,160.21,244.34,0.53
,6037482401,14000US06037482401,379.4,583.08,0.54
,6037482402,14000US06037482402,337.13,521.43,0.55
,6037482502,14000US06037482502,408.79,623.1,0.52
,6037482503,14000US06037482503,214.37,357.28,0.67
,6037482521,14000US06037482521,396.34,600.53,0.52
,6037482522,14000US06037482522,329,511.4,0.55
,6037482600,14000US06037482600,701.78,1002.67,0.43
,6037482701,14000US06037482701,477.06,684.18,0.43
,6037482702,14000US06037482702,367.62,528.94,0.44
,6037482800,14000US06037482800,516.48,720.83,0.4
,6037500100,14000US06037500100,307.28,403.37,0.31
,6037500201,14000US06037500201,461.14,639.74,0.39
,6037500202,14000US06037500202,283.53,381.26,0.34
,6037500300,14000US06037500300,269.25,370.24,0.38
,6037500402,14000US06037500402,319.67,578.98,0.81
,6037500403,14000US06037500403,319.01,538.48,0.69
,6037500404,14000US06037500404,272.43,476.41,0.75
,6037500500,14000US06037500500,137.84,253.11,0.84
,6037500600,14000US06037500600,297.3,523.77,0.76
,6037500700,14000US06037500700,456.39,760.17,0.67
,6037500800,14000US06037500800,339.42,564.98,0.66
,6037500900,14000US06037500900,285.94,485.52,0.7
,6037501001,14000US06037501001,301.12,536.93,0.78
,6037501002,14000US06037501002,466.5,756.04,0.62
,6037501200,14000US06037501200,293.71,453.33,0.54
,6037501300,14000US06037501300,645.99,1029.51,0.59
,6037501400,14000US06037501400,332.12,541.66,0.63
,6037501501,14000US06037501501,297.88,433.07,0.45
,6037501503,14000US06037501503,322.56,503.16,0.56
,6037501600,14000US06037501600,471.25,646.83,0.37
,6037501700,14000US06037501700,508.86,722.23,0.42
,6037501802,14000US06037501802,328.48,479.65,0.46
,6037501803,14000US06037501803,118.27,217.23,0.84
,6037501900,14000US06037501900,495.27,785.49,0.59
,6037502003,14000US06037502003,332.57,526.08,0.58
,6037502004,14000US06037502004,340.91,538.73,0.58
,6037502005,14000US06037502005,324.44,512.33,0.58
,6037502100,14000US06037502100,341.5,554.28,0.62
,6037502200,14000US06037502200,463.56,735.45,0.59
,6037502301,14000US06037502301,314.29,528.15,0.68
,6037502302,14000US06037502302,158.04,285.88,0.81
,6037502401,14000US06037502401,303.61,510.76,0.68
,6037502402,14000US06037502402,293.38,514.95,0.76
,6037502500,14000US06037502500,277.15,506.84,0.83
,6037502601,14000US06037502601,547.58,935.6,0.71
,6037502602,14000US06037502602,314.18,522.75,0.66
,6037502700,14000US06037502700,326.29,520.6,0.6
,6037502801,14000US06037502801,453.82,720.71,0.59
,6037502901,14000US06037502901,553.75,909.04,0.64
,6037502902,14000US06037502902,296.86,496.42,0.67
,6037503000,14000US06037503000,293.78,528.02,0.8
,6037503103,14000US06037503103,301.98,504.42,0.67
,6037503104,14000US06037503104,176.07,286.85,0.63
,6037503105,14000US06037503105,300.93,491.96,0.63
,6037503106,14000US06037503106,325.84,481.73,0.48
,6037503201,14000US06037503201,481.66,768.8,0.6
,6037503202,14000US06037503202,499.68,785.76,0.57
,6037503301,14000US06037503301,340.5,499.53,0.47
,6037503302,14000US06037503302,364.59,599.55,0.64
,6037503401,14000US06037503401,464.19,698.43,0.5
,6037503402,14000US06037503402,523.44,780.99,0.49
,6037503501,14000US06037503501,475.12,755.2,0.59
,6037503502,14000US06037503502,347.85,549.7,0.58
,6037503601,14000US06037503601,470.82,723.63,0.54
,6037503602,14000US06037503602,726.92,1043.35,0.44
,6037503701,14000US06037503701,466.21,710.49,0.52
,6037503702,14000US06037503702,517.23,808.43,0.56
,6037503703,14000US06037503703,476.24,687.7,0.44
,6037503801,14000US06037503801,490.68,746.14,0.52
,6037503802,14000US06037503802,496.73,761.48,0.53
,6037503901,14000US06037503901,483.73,751.61,0.55
,6037503902,14000US06037503902,506.21,753.77,0.49
,6037504001,14000US06037504001,503.72,762.91,0.51
,6037504002,14000US06037504002,531.7,817.01,0.54
,6037504101,14000US06037504101,317.41,525.89,0.66
,6037530003,14000US06037530003,269.97,396.19,0.47
,6037530004,14000US06037530004,285.98,456.82,0.6
,6037530005,14000US06037530005,714.03,1050.37,0.47
,6037530101,14000US06037530101,279.48,433.34,0.55
,6037530102,14000US06037530102,293.11,463.91,0.58
,6037530202,14000US06037530202,281.76,440.95,0.56
,6037530203,14000US06037530203,296.57,464.01,0.56
,6037530204,14000US06037530204,301.39,478.18,0.59
,6037530301,14000US06037530301,153.8,297.34,0.93
,6037530302,14000US06037530302,293.99,510.15,0.74
,6037530400,14000US06037530400,193.59,284.07,0.47
,6037530500,14000US06037530500,152.92,292.93,0.92
,6037530601,14000US06037530601,159.54,362.62,1.27
,6037530602,14000US06037530602,141.56,399.29,1.82
,6037530700,14000US06037530700,168.81,340.38,1.02
,6037530801,14000US06037530801,164.82,385.46,1.34
,6037530802,14000US06037530802,156.04,354.81,1.27
,6037530902,14000US06037530902,115.65,270.12,1.34
,6037531000,14000US06037531000,158.38,325.4,1.05
,6037531602,14000US06037531602,100.38,178.09,0.77
,6037531603,14000US06037531603,158.38,297.54,0.88
,6037531701,14000US06037531701,157.29,285.39,0.81
,6037531702,14000US06037531702,157.28,285.1,0.81
,6037531800,14000US06037531800,142.1,288.84,1.03
,6037531901,14000US06037531901,283.23,499.84,0.76
,6037531902,14000US06037531902,273.91,474.91,0.73
,6037532001,14000US06037532001,311.69,487.63,0.56
,6037532002,14000US06037532002,169.62,268.87,0.59
,6037532101,14000US06037532101,165.72,283.28,0.71
,6037532102,14000US06037532102,290.35,473.67,0.63
,6037532200,14000US06037532200,308.37,472.11,0.53
,6037532302,14000US06037532302,161.44,305.65,0.89
,6037532303,14000US06037532303,277.34,476.97,0.72
,6037532304,14000US06037532304,154.32,250.65,0.62
,6037532500,14000US06037532500,192.35,356.56,0.85
,6037532900,14000US06037532900,129.78,336.69,1.59
,6037533106,14000US06037533106,138.11,251.01,0.82
,6037533107,14000US06037533107,134.68,286.02,1.12
,6037533202,14000US06037533202,153.38,268.76,0.75
,6037533401,14000US06037533401,210.88,406.69,0.93
,6037533402,14000US06037533402,161.82,257.63,0.59
,6037533403,14000US06037533403,142.27,260.73,0.83
,6037533602,14000US06037533602,153.52,286.64,0.87
,6037533603,14000US06037533603,293.09,457.51,0.56
,6037533702,14000US06037533702,139.6,281.07,1.01
,6037533703,14000US06037533703,310.07,427.51,0.38
,6037533803,14000US06037533803,255.7,421.33,0.65
,6037533804,14000US06037533804,248.77,453.29,0.82
,6037533805,14000US06037533805,244.12,440.55,0.8
,6037533806,14000US06037533806,159.83,263.12,0.65
,6037534001,14000US06037534001,110.02,194.25,0.77
,6037534501,14000US06037534501,234.48,428.54,0.83
,6037534502,14000US06037534502,264.07,455.39,0.72
,6037534700,14000US06037534700,407.98,730.13,0.79
,6037534802,14000US06037534802,231.35,461.87,1
,6037534803,14000US06037534803,255.59,482.74,0.89
,6037534804,14000US06037534804,171.22,358.46,1.09
,6037534900,14000US06037534900,113.5,309.19,1.72
,6037535001,14000US06037535001,126.31,237.63,0.88
,6037535101,14000US06037535101,134.94,302.29,1.24
,6037535200,14000US06037535200,126.61,312.88,1.47
,6037535300,14000US06037535300,166.89,267.58,0.6
,6037535502,14000US06037535502,246.95,444.59,0.8
,6037535503,14000US06037535503,132.69,262.59,0.98
,6037535603,14000US06037535603,141.78,288.93,1.04
,6037535604,14000US06037535604,277.7,498.19,0.79
,6037535605,14000US06037535605,236.47,456.12,0.93
,6037535607,14000US06037535607,252.53,498.7,0.97
,6037535701,14000US06037535701,286.73,519.75,0.81
,6037535702,14000US06037535702,263.81,519.77,0.97
,6037535802,14000US06037535802,428.26,825.54,0.93
,6037535803,14000US06037535803,141.72,264.96,0.87
,6037535804,14000US06037535804,151.52,252.73,0.67
,6037535901,14000US06037535901,428.87,751.35,0.75
,6037535902,14000US06037535902,406.21,691.13,0.7
,6037536000,14000US06037536000,153.36,267.47,0.74
,6037536102,14000US06037536102,265.03,441.74,0.67
,6037536103,14000US06037536103,315.25,553.74,0.76
,6037536104,14000US06037536104,260.24,450.2,0.73
,6037536200,14000US06037536200,439.78,763.86,0.74
,6037540000,14000US06037540000,161.4,275.11,0.7
,6037540101,14000US06037540101,269.83,493.59,0.83
,6037540102,14000US06037540102,257.65,493.93,0.92
,6037540202,14000US06037540202,155.08,297.33,0.92
,6037540203,14000US06037540203,170.71,302.19,0.77
,6037540300,14000US06037540300,176.78,357.45,1.02
,6037540501,14000US06037540501,192.01,355.07,0.85
,6037540800,14000US06037540800,162.13,344.81,1.13
,6037540901,14000US06037540901,168.11,405.52,1.41
,6037540902,14000US06037540902,152.64,339.97,1.23
,6037541001,14000US06037541001,135.26,232.43,0.72
,6037541002,14000US06037541002,309.07,508.27,0.64
,6037541100,14000US06037541100,176.18,356.48,1.02
,6037541200,14000US06037541200,182.92,411.58,1.25
,6037541300,14000US06037541300,150.24,335.35,1.23
,6037541400,14000US06037541400,124.04,317.34,1.56
,6037541500,14000US06037541500,133.33,328,1.46
,6037541604,14000US06037541604,171.99,351.96,1.05
,6037541605,14000US06037541605,138.7,342.41,1.47
,6037541700,14000US06037541700,259.98,502.04,0.93
,6037541801,14000US06037541801,148.89,291.72,0.96
,6037541802,14000US06037541802,193.71,385.52,0.99
,6037542000,14000US06037542000,166.14,334.05,1.01
,6037542103,14000US06037542103,166.29,325.18,0.96
,6037542104,14000US06037542104,139.2,297.21,1.14
,6037542200,14000US06037542200,161.13,366.84,1.28
,6037542401,14000US06037542401,171.43,351.83,1.05
,6037542402,14000US06037542402,160.65,329.06,1.05
,6037542501,14000US06037542501,143.48,277.6,0.93
,6037542602,14000US06037542602,145.78,310.27,1.13
,6037542700,14000US06037542700,162.9,384.12,1.36
,6037542800,14000US06037542800,150.53,340.04,1.26
,6037542900,14000US06037542900,191.92,385.92,1.01
,6037543000,14000US06037543000,180.28,385.14,1.14
,6037543100,14000US06037543100,262.56,509.42,0.94
,6037543201,14000US06037543201,170.04,358.15,1.11
,6037543202,14000US06037543202,177.8,369.65,1.08
,6037543304,14000US06037543304,458.66,747.49,0.63
,6037543306,14000US06037543306,447.75,718.47,0.6
,6037543321,14000US06037543321,280.44,486.73,0.74
,6037543322,14000US06037543322,626.42,994.41,0.59
,6037543400,14000US06037543400,475.04,817.72,0.72
,6037543501,14000US06037543501,253.02,454.61,0.8
,6037543502,14000US06037543502,302.14,468.62,0.55
,6037543503,14000US06037543503,678.86,1080.32,0.59
,6037543601,14000US06037543601,275.34,450.24,0.64
,6037543602,14000US06037543602,405.98,665.82,0.64
,6037543603,14000US06037543603,304.69,437.72,0.44
,6037543604,14000US06037543604,479.5,808.65,0.69
,6037543701,14000US06037543701,403.6,756.77,0.88
,6037543702,14000US06037543702,444.76,740.21,0.66
,6037543703,14000US06037543703,388.19,669.23,0.72
,6037543801,14000US06037543801,455.08,781.14,0.72
,6037543802,14000US06037543802,427.49,721.86,0.69
,6037543903,14000US06037543903,264.28,462.33,0.75
,6037543905,14000US06037543905,212.36,385.92,0.82
,6037544001,14000US06037544001,393.44,710.03,0.8
,6037544002,14000US06037544002,243.68,422.5,0.73
,6037550100,14000US06037550100,440.76,742.9,0.69
,6037550201,14000US06037550201,190.67,339.2,0.78
,6037550202,14000US06037550202,292.3,478.57,0.64
,6037550300,14000US06037550300,338.58,558,0.65
,6037550400,14000US06037550400,319.63,502.22,0.57
,6037550500,14000US06037550500,598.22,915.8,0.53
,6037550601,14000US06037550601,378.05,581.14,0.54
,6037550602,14000US06037550602,291.45,442.58,0.52
,6037550700,14000US06037550700,439.76,666.63,0.52
,6037550800,14000US06037550800,294.52,448.38,0.52
,6037550901,14000US06037550901,169.35,245.32,0.45
,6037550902,14000US06037550902,288.32,438.63,0.52
,6037551000,14000US06037551000,469.65,709.52,0.51
,6037551101,14000US06037551101,313.69,517.93,0.65
,6037551201,14000US06037551201,284.62,434.98,0.53
,6037551202,14000US06037551202,538.6,832.55,0.55
,6037551300,14000US06037551300,318.16,528.07,0.66
,6037551401,14000US06037551401,293.42,451.89,0.54
,6037551402,14000US06037551402,459.62,735.87,0.6
,6037551501,14000US06037551501,282.38,436.47,0.55
,6037551502,14000US06037551502,320.42,504.42,0.57
,6037551700,14000US06037551700,484.81,767.79,0.58
,6037551800,14000US06037551800,504.69,791.74,0.57
,6037551900,14000US06037551900,286.76,483.17,0.68
,6037552001,14000US06037552001,308.47,506.36,0.64
,6037552002,14000US06037552002,179.97,335.68,0.87
,6037552100,14000US06037552100,282.76,479.59,0.7
,6037552200,14000US06037552200,161.34,272.74,0.69
,6037552301,14000US06037552301,301.67,544.45,0.8
,6037552302,14000US06037552302,270.88,461.06,0.7
,6037552400,14000US06037552400,231.36,400.77,0.73
,6037552601,14000US06037552601,269.37,545.61,1.03
,6037552602,14000US06037552602,292.73,474.08,0.62
,6037552700,14000US06037552700,443.6,755.45,0.7
,6037552800,14000US06037552800,293.99,478.6,0.63
,6037552900,14000US06037552900,438.4,737.07,0.68
,6037553000,14000US06037553000,273.16,469.7,0.72
,6037553100,14000US06037553100,283.47,442.6,0.56
,6037553200,14000US06037553200,462.68,755.79,0.63
,6037553300,14000US06037553300,288.67,449.23,0.56
,6037553400,14000US06037553400,296.76,472.66,0.59
,6037553502,14000US06037553502,163.68,329.09,1.01
,6037553503,14000US06037553503,148.56,275.44,0.85
,6037553504,14000US06037553504,234.75,451.58,0.92
,6037553601,14000US06037553601,164.38,280.53,0.71
,6037553602,14000US06037553602,172.74,314.45,0.82
,6037553701,14000US06037553701,141.8,313.12,1.21
,6037553702,14000US06037553702,161.78,321.01,0.98
,6037553801,14000US06037553801,116.31,200,0.72
,6037553802,14000US06037553802,166.92,292.45,0.75
,6037553901,14000US06037553901,269.34,474.61,0.76
,6037553902,14000US06037553902,144.26,273.03,0.89
,6037554001,14000US06037554001,287.27,463.44,0.61
,6037554002,14000US06037554002,293.07,486.18,0.66
,6037554101,14000US06037554101,186.59,276.81,0.48
,6037554103,14000US06037554103,284.2,466.04,0.64
,6037554104,14000US06037554104,180.22,310.41,0.72
,6037554201,14000US06037554201,446.05,731.99,0.64
,6037554203,14000US06037554203,174.5,281.86,0.62
,6037554204,14000US06037554204,112.48,189.31,0.68
,6037554301,14000US06037554301,207.76,336.54,0.62
,6037554403,14000US06037554403,166.34,250.34,0.5
,6037554404,14000US06037554404,169.48,271.18,0.6
,6037554405,14000US06037554405,178.08,311.22,0.75
,6037554406,14000US06037554406,269.63,395.29,0.47
,6037554511,14000US06037554511,728.49,981.81,0.35
,6037554512,14000US06037554512,893.7,1152.7,0.29
,6037554514,14000US06037554514,895.94,1183.69,0.32
,6037554515,14000US06037554515,695.59,958.95,0.38
,6037554516,14000US06037554516,736.38,1006.9,0.37
,6037554517,14000US06037554517,798.04,1087.86,0.36
,6037554518,14000US06037554518,957.49,1268.27,0.32
,6037554519,14000US06037554519,689.9,924.73,0.34
,6037554521,14000US06037554521,854.73,1163.47,0.36
,6037554522,14000US06037554522,885.1,1215.54,0.37
,6037554600,14000US06037554600,276.66,463.06,0.67
,6037554700,14000US06037554700,284.78,531.42,0.87
,6037554801,14000US06037554801,299.66,533.83,0.78
,6037554802,14000US06037554802,512.87,795.17,0.55
,6037554900,14000US06037554900,490.91,802.43,0.63
,6037555001,14000US06037555001,443.51,688.43,0.55
,6037555002,14000US06037555002,315.7,502.16,0.59
,6037555102,14000US06037555102,293.12,538.21,0.84
,6037555103,14000US06037555103,299.77,462.11,0.54
,6037555104,14000US06037555104,290.21,502.84,0.73
,6037555202,14000US06037555202,339.34,474.4,0.4
,6037555211,14000US06037555211,164.03,294.45,0.8
,6037555212,14000US06037555212,159.42,287.76,0.81
,6037570001,14000US06037570001,340.32,494.02,0.45
,6037570002,14000US06037570002,354.48,515.41,0.45
,6037570003,14000US06037570003,601.41,897.63,0.49
,6037570100,14000US06037570100,287.18,465.27,0.62
,6037570202,14000US06037570202,261.54,473.19,0.81
,6037570203,14000US06037570203,183.19,308.06,0.68
,6037570204,14000US06037570204,198.15,320.74,0.62
,6037570301,14000US06037570301,261.39,462.83,0.77
,6037570303,14000US06037570303,166.94,332.24,0.99
,6037570304,14000US06037570304,167.31,317.79,0.9
,6037570402,14000US06037570402,223.41,407.57,0.82
,6037570403,14000US06037570403,177.94,339.58,0.91
,6037570404,14000US06037570404,157.64,327.23,1.08
,6037570501,14000US06037570501,489.34,861.66,0.76
,6037570502,14000US06037570502,249.86,471.31,0.89
,6037570601,14000US06037570601,266.85,470.93,0.76
,6037570602,14000US06037570602,270.84,468.33,0.73
,6037570701,14000US06037570701,614.16,919.51,0.5
,6037570702,14000US06037570702,342.21,493.19,0.44
,6037570800,14000US06037570800,636.86,956.6,0.5
,6037570901,14000US06037570901,584.17,845.55,0.45
,6037570902,14000US06037570902,524.11,781.01,0.49
,6037571000,14000US06037571000,748.85,1074.95,0.44
,6037571101,14000US06037571101,643.69,930.27,0.45
,6037571102,14000US06037571102,556.37,820.03,0.47
,6037571200,14000US06037571200,580.76,811.33,0.4
,6037571300,14000US06037571300,534.42,789.99,0.48
,6037571400,14000US06037571400,517.66,757.16,0.46
,6037571502,14000US06037571502,514.54,794.89,0.54
,6037571503,14000US06037571503,311.33,474.63,0.52
,6037571504,14000US06037571504,346.29,531.62,0.54
,6037571701,14000US06037571701,265.93,511.88,0.92
,6037571703,14000US06037571703,130.37,303.65,1.33
,6037571704,14000US06037571704,194.89,362.77,0.86
,6037571800,14000US06037571800,287.45,416.32,0.45
,6037571900,14000US06037571900,333.4,456.64,0.37
,6037572001,14000US06037572001,602.95,856.52,0.42
,6037572002,14000US06037572002,215.56,295.69,0.37
,6037572100,14000US06037572100,293.43,413.84,0.41
,6037572201,14000US06037572201,326.11,522.32,0.6
,6037572202,14000US06037572202,497.04,823.47,0.66
,6037572301,14000US06037572301,192.76,399.68,1.07
,6037572302,14000US06037572302,163.19,325.35,0.99
,6037572400,14000US06037572400,156.52,307.86,0.97
,6037572600,14000US06037572600,298.27,532.67,0.79
,6037572700,14000US06037572700,286.72,519.94,0.81
,6037572900,14000US06037572900,198.63,345.39,0.74
,6037573003,14000US06037573003,253.19,432.1,0.71
,6037573004,14000US06037573004,146.73,255.78,0.74
,6037573100,14000US06037573100,467.28,827.39,0.77
,6037573201,14000US06037573201,185.29,343.69,0.85
,6037573202,14000US06037573202,169.05,344.72,1.04
,6037573401,14000US06037573401,260.38,388.58,0.49
,6037573402,14000US06037573402,176.22,277.19,0.57
,6037573403,14000US06037573403,122.8,145,0.18
,6037573601,14000US06037573601,789.16,1152.67,0.46
,6037573700,14000US06037573700,569.67,809.57,0.42
,6037573800,14000US06037573800,691.72,1001.46,0.45
,6037573902,14000US06037573902,294.45,402.49,0.37
,6037574000,14000US06037574000,683.25,1015.12,0.49
,6037574100,14000US06037574100,613.94,886.91,0.44
,6037574201,14000US06037574201,576,829.34,0.44
,6037574202,14000US06037574202,329.64,473.65,0.44
,6037574300,14000US06037574300,672.64,986.21,0.47
,6037574400,14000US06037574400,654.12,931.04,0.42
,6037574500,14000US06037574500,663.68,959.44,0.45
,6037574800,14000US06037574800,206.37,264.05,0.28
,6037574901,14000US06037574901,622.03,918.65,0.48
,6037574902,14000US06037574902,217.88,304.55,0.4
,6037575001,14000US06037575001,336.01,537.88,0.6
,6037575002,14000US06037575002,282.69,449.21,0.59
,6037575101,14000US06037575101,167.79,350.62,1.09
,6037575102,14000US06037575102,127.7,254.37,0.99
,6037575103,14000US06037575103,123.61,218.89,0.77
,6037575201,14000US06037575201,145.92,308.92,1.12
,6037575202,14000US06037575202,127.47,238.13,0.87
,6037575802,14000US06037575802,116.18,211.93,0.82
,6037576700,14000US06037576700,214.21,341.82,0.6
,6037576801,14000US06037576801,214.66,336.83,0.57
,6037576802,14000US06037576802,231.3,346.87,0.5
,6037576901,14000US06037576901,175.97,312.28,0.77
,6037576904,14000US06037576904,187.67,328.46,0.75
,6037577000,14000US06037577000,269.06,461.21,0.71
,6037577100,14000US06037577100,349.58,525.41,0.5
,6037577200,14000US06037577200,213.74,328.61,0.54
,6037577300,14000US06037577300,360.53,530.47,0.47
,6037577400,14000US06037577400,362.41,519.7,0.43
,6037577501,14000US06037577501,348.09,474.26,0.36
,6037577602,14000US06037577602,353.61,486.75,0.38
,6037577603,14000US06037577603,346.7,478.23,0.38
,6037600201,14000US06037600201,104.61,213.64,1.04
,6037600202,14000US06037600202,164.2,327.84,1
,6037600302,14000US06037600302,182.26,386.32,1.12
,6037600400,14000US06037600400,275.23,534.7,0.94
,6037600501,14000US06037600501,274.75,544.49,0.98
,6037600502,14000US06037600502,177.75,346.43,0.95
,6037600601,14000US06037600601,158.29,292.91,0.85
,6037600702,14000US06037600702,261.33,509.32,0.95
,6037600704,14000US06037600704,271.39,534.63,0.97
,6037600801,14000US06037600801,295.35,598.13,1.03
,6037600802,14000US06037600802,255.83,512.9,1
,6037600902,14000US06037600902,157.09,383.66,1.44
,6037600911,14000US06037600911,304.1,684.44,1.25
,6037600912,14000US06037600912,311.87,811.66,1.6
,6037601001,14000US06037601001,108.17,233.78,1.16
,6037601002,14000US06037601002,90.85,235.57,1.59
,6037601100,14000US06037601100,164.77,340.26,1.07
,6037601202,14000US06037601202,286.79,623.91,1.18
,6037601212,14000US06037601212,146.43,338.13,1.31
,6037601301,14000US06037601301,261.45,545.72,1.09
,6037601401,14000US06037601401,162.91,330.58,1.03
,6037601402,14000US06037601402,262.49,580.11,1.21
,6037601502,14000US06037601502,178.79,360.46,1.02
,6037601600,14000US06037601600,169.89,348.81,1.05
,6037601700,14000US06037601700,198.89,323.68,0.63
,6037601802,14000US06037601802,165.69,373.54,1.25
,6037601900,14000US06037601900,171.44,371.28,1.17
,6037602002,14000US06037602002,170.14,373.18,1.19
,6037602003,14000US06037602003,181,363.46,1.01
,6037602004,14000US06037602004,232.14,514.16,1.21
,6037602103,14000US06037602103,269.84,487.83,0.81
,6037602104,14000US06037602104,167.53,315.05,0.88
,6037602105,14000US06037602105,163.83,309.49,0.89
,6037602106,14000US06037602106,267.6,468.21,0.75
,6037602200,14000US06037602200,542.16,956.47,0.76
,6037602301,14000US06037602301,708.98,1297.87,0.83
,6037602302,14000US06037602302,547.05,869.91,0.59
,6037602402,14000US06037602402,425.27,731.98,0.72
,6037602403,14000US06037602403,199.04,330.01,0.66
,6037602404,14000US06037602404,166.98,306.23,0.83
,6037602508,14000US06037602508,240.97,432.35,0.79
,6037602509,14000US06037602509,241.07,420.39,0.74
,6037602600,14000US06037602600,468.21,778.13,0.66
,6037602700,14000US06037602700,222.72,412.18,0.85
,6037602801,14000US06037602801,197.18,427.48,1.17
,6037602802,14000US06037602802,261.49,536.18,1.05
,6037602900,14000US06037602900,251.87,453.39,0.8
,6037603001,14000US06037603001,251.31,454.56,0.81
,6037603005,14000US06037603005,165.73,264.23,0.59
,6037603006,14000US06037603006,256.82,427.07,0.66
,6037603101,14000US06037603101,279.52,476.72,0.71
,6037603102,14000US06037603102,242.96,386.19,0.59
,6037603200,14000US06037603200,280.51,418.79,0.49
,6037603301,14000US06037603301,166.23,280.66,0.69
,6037603302,14000US06037603302,303.12,465.28,0.53
,6037603400,14000US06037603400,318.1,522.32,0.64
,6037603500,14000US06037603500,447.08,783.67,0.75
,6037603600,14000US06037603600,461.8,764.53,0.66
,6037603702,14000US06037603702,706.94,1133.46,0.6
,6037603703,14000US06037603703,457.07,765.29,0.67
,6037603801,14000US06037603801,170.63,270.59,0.59
,6037603802,14000US06037603802,174.18,320.81,0.84
,6037603900,14000US06037603900,427.21,737.87,0.73
,6037604001,14000US06037604001,254.47,480.81,0.89
,6037604002,14000US06037604002,171.12,315.34,0.84
,6037604100,14000US06037604100,277.66,480.75,0.73
,6037609900,14000US06037609900,156.65,267.4,0.71
,6037620001,14000US06037620001,688.95,1076.68,0.56
,6037620002,14000US06037620002,434.86,766.19,0.76
,6037620101,14000US06037620101,828.07,1329.15,0.61
,6037620102,14000US06037620102,453.08,725.17,0.6
,6037620303,14000US06037620303,449.4,442.93,-0.01
,6037620400,14000US06037620400,775.84,1189.08,0.53
,6037620501,14000US06037620501,652.83,1021.68,0.57
,6037620522,14000US06037620522,409.23,592.98,0.45
,6037620601,14000US06037620601,210.45,337.78,0.61
,6037620602,14000US06037620602,833.54,1289.18,0.55
,6037620701,14000US06037620701,649.16,1033.13,0.59
,6037620702,14000US06037620702,821.91,1299.26,0.58
,6037620800,14000US06037620800,744.72,1192.27,0.6
,6037621001,14000US06037621001,430.65,671.87,0.56
,6037621102,14000US06037621102,446.13,731.15,0.64
,6037621201,14000US06037621201,395.85,630.55,0.59
,6037621301,14000US06037621301,661.73,935.37,0.41
,6037621400,14000US06037621400,472.46,718.59,0.52
,6037650001,14000US06037650001,610.77,905.04,0.48
,6037650003,14000US06037650003,300.66,451.24,0.5
,6037650004,14000US06037650004,308.39,435.06,0.41
,6037650101,14000US06037650101,570.96,806.42,0.41
,6037650102,14000US06037650102,319.13,463.21,0.45
,6037650200,14000US06037650200,605.17,914.82,0.51
,6037650300,14000US06037650300,801.67,1206.89,0.51
,6037650401,14000US06037650401,676.04,907.33,0.34
,6037650501,14000US06037650501,615.09,872.14,0.42
,6037650502,14000US06037650502,348.31,501.41,0.44
,6037650602,14000US06037650602,176.78,265.92,0.5
,6037650603,14000US06037650603,367.76,525.33,0.43
,6037650605,14000US06037650605,303.32,430.41,0.42
,6037650701,14000US06037650701,356.93,515.54,0.44
,6037650702,14000US06037650702,777.98,1112.52,0.43
,6037650800,14000US06037650800,154.21,223.9,0.45
,6037650901,14000US06037650901,316.18,475.54,0.5
,6037650902,14000US06037650902,341.73,483.85,0.42
,6037651001,14000US06037651001,529.56,743.42,0.4
,6037651002,14000US06037651002,481.55,665.12,0.38
,6037651101,14000US06037651101,307.76,403.7,0.31
,6037651102,14000US06037651102,359.15,476.89,0.33
,6037651201,14000US06037651201,791.21,1119.82,0.42
,6037651221,14000US06037651221,351.71,472.91,0.34
,6037651222,14000US06037651222,331.75,448.58,0.35
,6037651302,14000US06037651302,601.62,842.98,0.4
,6037651304,14000US06037651304,359.77,480.43,0.34
,6037651401,14000US06037651401,353.75,475.22,0.34
,6037651402,14000US06037651402,941.3,1335.86,0.42
,6037670001,14000US06037670001,262.18,392.19,0.5
,6037670002,14000US06037670002,284.5,422.9,0.49
,6037670003,14000US06037670003,574.41,864.29,0.5
,6037670100,14000US06037670100,438.18,637.02,0.45
,6037670201,14000US06037670201,301.69,390.28,0.29
,6037670202,14000US06037670202,352.9,464.63,0.32
,6037670324,14000US06037670324,329.2,425.06,0.29
,6037670403,14000US06037670403,337.88,420.55,0.24
,6037670405,14000US06037670405,319.77,432.81,0.35
,6037670407,14000US06037670407,313.04,427.72,0.37
,6037670411,14000US06037670411,622.79,798.69,0.28
,6037670413,14000US06037670413,564.16,716.47,0.27
,6037670602,14000US06037670602,368.28,464.71,0.26
,6037670701,14000US06037670701,340.33,444.37,0.31
,6037670702,14000US06037670702,307.73,402.9,0.31
,6037701801,14000US06037701801,177.65,331.88,0.87
,6037702400,14000US06037702400,483.39,828.9,0.71
,6037702501,14000US06037702501,476.03,778.14,0.63
,6037702600,14000US06037702600,731.77,1303.06,0.78
,6037702700,14000US06037702700,662.8,1241.63,0.87
,6037702801,14000US06037702801,397.87,687.24,0.73
,6037702802,14000US06037702802,452.23,838.69,0.85
,6037702803,14000US06037702803,422.75,772.83,0.83
,6037703002,14000US06037703002,288.87,481.4,0.67
,6037703100,14000US06037703100,317.45,577.42,0.82
,6037703200,14000US06037703200,462.52,913.62,0.98
,6037800101,14000US06037800101,586.68,826.87,0.41
,6037800102,14000US06037800102,578.59,832.29,0.44
,6037800203,14000US06037800203,380.43,547.92,0.44
,6037800324,14000US06037800324,1123.77,1663.14,0.48
,6037800327,14000US06037800327,658.45,993.56,0.51
,6037800328,14000US06037800328,303.07,416.04,0.37
,6037800329,14000US06037800329,331.89,465.24,0.4
,6037800330,14000US06037800330,145.49,212.51,0.46
,6037800332,14000US06037800332,479.29,676.77,0.41
,6037900103,14000US06037900103,73.58,215.34,1.93
,6037900104,14000US06037900104,195.24,500.37,1.56
,6037900201,14000US06037900201,78.11,152.09,0.95
,6037900300,14000US06037900300,110.08,235.48,1.14
,6037900501,14000US06037900501,113.84,275.35,1.42
,6037900504,14000US06037900504,100.64,222.1,1.21
,6037900505,14000US06037900505,119.98,263.73,1.2
,6037900506,14000US06037900506,107.92,238.44,1.21
,6037900507,14000US06037900507,100.9,218.24,1.16
,6037900508,14000US06037900508,105.83,200.43,0.89
,6037900602,14000US06037900602,35.45,98.92,1.79
,6037900605,14000US06037900605,85.29,184.55,1.16
,6037900606,14000US06037900606,104.32,226.39,1.17
,6037900607,14000US06037900607,85.23,242.86,1.85
,6037900608,14000US06037900608,115.13,262.22,1.28
,6037900609,14000US06037900609,106.77,225.81,1.11
,6037900701,14000US06037900701,131.3,308.57,1.35
,6037900703,14000US06037900703,96.52,257.47,1.67
,6037900705,14000US06037900705,150.79,296.01,0.96
,6037900803,14000US06037900803,100.09,213.82,1.14
,6037900804,14000US06037900804,98.11,256.31,1.61
,6037900805,14000US06037900805,135.06,303.07,1.24
,6037900806,14000US06037900806,79.32,237.96,2
,6037900900,14000US06037900900,161.74,250.7,0.55
,6037901004,14000US06037901004,154.59,279.14,0.81
,6037901007,14000US06037901007,122.77,225.2,0.83
,6037901008,14000US06037901008,123.09,243.22,0.98
,6037901009,14000US06037901009,154.18,285.03,0.85
,6037901010,14000US06037901010,165.13,336.43,1.04
,6037901011,14000US06037901011,152.99,303.05,0.98
,6037901101,14000US06037901101,121.93,223.01,0.83
,6037901102,14000US06037901102,186.05,346.98,0.86
,6037901205,14000US06037901205,147.03,266.2,0.81
,6037901209,14000US06037901209,123.15,227.93,0.85
,6037901210,14000US06037901210,192.36,325.9,0.69
,6037901213,14000US06037901213,190.34,302.62,0.59
,6037910001,14000US06037910001,93.2,242.11,1.6
,6037910002,14000US06037910002,143.93,310.06,1.15
,6037910201,14000US06037910201,140.38,276.26,0.97
,6037910202,14000US06037910202,189.73,313.46,0.65
,6037910205,14000US06037910205,117.81,189.75,0.61
,6037910206,14000US06037910206,102.89,180.35,0.75
,6037910207,14000US06037910207,134.8,258.48,0.92
,6037910208,14000US06037910208,135.74,264.22,0.95
,6037910209,14000US06037910209,111.69,205.88,0.84
,6037910210,14000US06037910210,119.48,213.84,0.79
,6037910301,14000US06037910301,160.57,292.46,0.82
,6037910302,14000US06037910302,140.13,244.82,0.75
,6037910401,14000US06037910401,142.57,283.64,0.99
,6037910402,14000US06037910402,68.21,215.39,2.16
,6037910404,14000US06037910404,118.79,284.98,1.4
,6037910502,14000US06037910502,96.26,283.3,1.94
,6037910504,14000US06037910504,105.17,242.59,1.31
,6037910505,14000US06037910505,98.26,231.14,1.35
,6037910601,14000US06037910601,100.32,258.15,1.57
,6037910602,14000US06037910602,92.58,200.67,1.17
,6037910603,14000US06037910603,130.84,299.71,1.29
,6037910605,14000US06037910605,96.36,208.91,1.17
,6037910606,14000US06037910606,121.65,271.74,1.23
,6037910705,14000US06037910705,99.26,197.47,0.99
,6037910706,14000US06037910706,98.42,209.23,1.13
,6037910707,14000US06037910707,92.86,199.8,1.15
,6037910709,14000US06037910709,119.74,221.25,0.85
,6037910711,14000US06037910711,134.01,288.12,1.15
,6037910712,14000US06037910712,105.1,215.11,1.05
,6037910713,14000US06037910713,127.42,273.58,1.15
,6037910714,14000US06037910714,111.8,291.06,1.6
,6037910715,14000US06037910715,96.39,216.89,1.25
,6037910716,14000US06037910716,149.86,310.71,1.07
,6037910804,14000US06037910804,211.71,311.37,0.47
,6037910805,14000US06037910805,232.56,351.21,0.51
,6037910807,14000US06037910807,250.14,382.19,0.53
,6037910808,14000US06037910808,553.88,878.95,0.59
,6037910809,14000US06037910809,154.91,202.42,0.31
,6037910810,14000US06037910810,244.03,361.63,0.48
,6037910813,14000US06037910813,228.03,328.78,0.44
,6037911001,14000US06037911001,176.41,281.24,0.59
,6037920012,14000US06037920012,129.13,208.11,0.61
,6037920013,14000US06037920013,356.73,552.98,0.55
,6037920015,14000US06037920015,207.95,298.92,0.44
,6037920016,14000US06037920016,236.98,329.1,0.39
,6037920017,14000US06037920017,593.01,931.19,0.57
,6037920018,14000US06037920018,301.51,455.04,0.51
,6037920020,14000US06037920020,446.7,678.79,0.52
,6037920023,14000US06037920023,276.16,419,0.52
,6037920028,14000US06037920028,368.69,598.81,0.62
,6037920029,14000US06037920029,279.84,457.37,0.63
,6037920031,14000US06037920031,209.71,299.25,0.43
,6037920032,14000US06037920032,150.33,221.62,0.47
,6037920034,14000US06037920034,283.5,451.81,0.59
,6037920035,14000US06037920035,579.14,966.85,0.67
,6037920036,14000US06037920036,268.26,433.62,0.62
,6037920039,14000US06037920039,250.44,384.22,0.53
,6037920040,14000US06037920040,255.83,397.94,0.56
,6037920042,14000US06037920042,460.41,715.98,0.56
,6037920043,14000US06037920043,136.75,173.68,0.27
,6037920044,14000US06037920044,403.72,639.53,0.58
,6037920045,14000US06037920045,338.5,501.31,0.48
,6037920102,14000US06037920102,205.1,312.5,0.52
,6037920104,14000US06037920104,273.34,394.99,0.45
,6037920106,14000US06037920106,208.46,337.51,0.62
,6037920111,14000US06037920111,418.46,638.46,0.53
,6037920112,14000US06037920112,475.08,743.3,0.56
,6037920115,14000US06037920115,191.15,252.04,0.32
,6037920116,14000US06037920116,257.26,378.77,0.47
,6037920118,14000US06037920118,274.63,414.92,0.51
,6037920119,14000US06037920119,162.14,230.72,0.42
,6037920303,14000US06037920303,125.4,201.17,0.6
,6037920312,14000US06037920312,269.96,403.57,0.49
,6037920313,14000US06037920313,586.32,911.49,0.55
,6037920314,14000US06037920314,303.26,454.15,0.5
,6037920322,14000US06037920322,377.44,570.25,0.51
,6037920326,14000US06037920326,284.08,388.08,0.37
,6037920329,14000US06037920329,319.6,483.86,0.51
,6037920330,14000US06037920330,270.49,432.06,0.6
,6037920331,14000US06037920331,528.12,775.22,0.47
,6037920332,14000US06037920332,277.51,400.82,0.44
,6037920334,14000US06037920334,591,862.3,0.46
,6037920336,14000US06037920336,250.63,385.23,0.54
,6037920338,14000US06037920338,174.88,230.58,0.32
